mode,iteration,timestamp,heuristic,solution_length,visited_states,time_taken,solution_steps
3,1,2025-04-24T18:17:17.203116,Manhattan distance,20,204,76.256µs,[LEFT DOWN RIGHT UP LEFT LEFT DOWN RIGHT DOWN LEFT UP RIGHT RIGHT UP LEFT LEFT DOWN RIGHT DOWN RIGHT]
3,1,2025-04-24T18:17:17.203116,Linear Conflict,20,119,79.141µs,[LEFT DOWN RIGHT UP LEFT LEFT DOWN RIGHT DOWN LEFT UP RIGHT RIGHT UP LEFT LEFT DOWN RIGHT DOWN RIGHT]
3,2,2025-04-24T18:17:17.204841,Manhattan distance,22,509,183.679µs,[LEFT DOWN RIGHT DOWN LEFT UP UP RIGHT DOWN LEFT UP LEFT DOWN DOWN RIGHT UP UP LEFT DOWN RIGHT RIGHT DOWN]
3,2,2025-04-24T18:17:17.204841,Linear Conflict,22,213,130.889µs,[LEFT DOWN RIGHT DOWN LEFT UP UP RIGHT DOWN LEFT UP LEFT DOWN DOWN RIGHT UP UP LEFT DOWN RIGHT RIGHT DOWN]
3,3,2025-04-24T18:17:17.207500,Manhattan distance,24,1780,714.238µs,[RIGHT UP LEFT UP RIGHT DOWN RIGHT UP LEFT LEFT DOWN RIGHT RIGHT DOWN LEFT LEFT UP RIGHT UP RIGHT DOWN LEFT DOWN RIGHT]
3,3,2025-04-24T18:17:17.207500,Linear Conflict,24,1036,651.299µs,[RIGHT UP LEFT UP RIGHT DOWN RIGHT UP LEFT LEFT DOWN RIGHT RIGHT DOWN LEFT LEFT UP RIGHT UP RIGHT DOWN LEFT DOWN RIGHT]
3,4,2025-04-24T18:17:17.209030,Manhattan distance,21,338,112.594µs,[LEFT LEFT UP RIGHT DOWN RIGHT DOWN LEFT LEFT UP UP RIGHT DOWN RIGHT DOWN LEFT LEFT UP RIGHT RIGHT DOWN]
3,4,2025-04-24T18:17:17.209030,Linear Conflict,21,132,87.316µs,[LEFT LEFT UP RIGHT DOWN RIGHT DOWN LEFT LEFT UP UP RIGHT DOWN RIGHT DOWN LEFT LEFT UP RIGHT RIGHT DOWN]
3,5,2025-04-24T18:17:17.210900,Manhattan distance,22,630,210.2µs,[UP RIGHT DOWN RIGHT UP UP LEFT LEFT DOWN RIGHT RIGHT UP LEFT LEFT DOWN RIGHT RIGHT DOWN LEFT UP RIGHT DOWN]
3,5,2025-04-24T18:17:17.210900,Linear Conflict,22,377,294.31µs,[UP RIGHT DOWN RIGHT UP UP LEFT LEFT DOWN RIGHT RIGHT UP LEFT LEFT DOWN RIGHT RIGHT DOWN LEFT UP RIGHT DOWN]
3,6,2025-04-24T18:17:17.214656,Manhattan distance,26,2607,983.39µs,[RIGHT UP LEFT DOWN LEFT UP RIGHT DOWN DOWN LEFT UP RIGHT DOWN RIGHT UP UP LEFT DOWN DOWN RIGHT UP LEFT LEFT DOWN RIGHT RIGHT]
3,6,2025-04-24T18:17:17.214656,Linear Conflict,26,1872,1.213188ms,[UP LEFT DOWN DOWN RIGHT UP RIGHT UP LEFT LEFT DOWN RIGHT RIGHT UP LEFT LEFT DOWN RIGHT RIGHT DOWN LEFT LEFT UP RIGHT DOWN RIGHT]
3,7,2025-04-24T18:17:17.216864,Manhattan distance,22,438,177.497µs,[UP UP RIGHT RIGHT DOWN LEFT LEFT DOWN RIGHT UP LEFT UP RIGHT RIGHT DOWN LEFT LEFT UP RIGHT RIGHT DOWN DOWN]
3,7,2025-04-24T18:17:17.216864,Linear Conflict,22,233,302.335µs,[UP UP RIGHT RIGHT DOWN LEFT LEFT DOWN RIGHT UP LEFT UP RIGHT RIGHT DOWN LEFT LEFT UP RIGHT RIGHT DOWN DOWN]
3,8,2025-04-24T18:17:17.219904,Manhattan distance,25,1860,652.211µs,[LEFT DOWN RIGHT DOWN LEFT UP RIGHT RIGHT DOWN LEFT UP RIGHT UP LEFT LEFT DOWN DOWN RIGHT UP RIGHT UP LEFT DOWN RIGHT DOWN]
3,8,2025-04-24T18:17:17.219904,Linear Conflict,25,1316,974.554µs,[DOWN LEFT DOWN RIGHT UP RIGHT DOWN LEFT UP LEFT DOWN RIGHT UP UP LEFT DOWN RIGHT RIGHT DOWN LEFT UP UP RIGHT DOWN DOWN]
3,9,2025-04-24T18:17:17.221948,Manhattan distance,22,688,237.021µs,[DOWN DOWN LEFT UP LEFT DOWN RIGHT RIGHT UP LEFT LEFT UP RIGHT DOWN DOWN LEFT UP UP RIGHT RIGHT DOWN DOWN]
3,9,2025-04-24T18:17:17.221948,Linear Conflict,22,301,185.152µs,[LEFT LEFT DOWN DOWN RIGHT UP UP LEFT DOWN RIGHT RIGHT UP LEFT DOWN RIGHT DOWN LEFT LEFT UP RIGHT DOWN RIGHT]
3,10,2025-04-24T18:17:17.225552,Manhattan distance,26,2020,974.404µs,[LEFT DOWN RIGHT UP RIGHT DOWN LEFT UP LEFT UP RIGHT DOWN RIGHT UP LEFT DOWN LEFT UP RIGHT DOWN DOWN LEFT UP RIGHT DOWN RIGHT]
3,10,2025-04-24T18:17:17.225552,Linear Conflict,26,1756,1.041251ms,[LEFT DOWN RIGHT UP LEFT UP RIGHT DOWN RIGHT DOWN LEFT UP RIGHT UP LEFT DOWN LEFT UP RIGHT DOWN DOWN LEFT UP RIGHT DOWN RIGHT]
3,11,2025-04-24T18:17:17.228322,Manhattan distance,23,972,322.864µs,[LEFT UP RIGHT DOWN LEFT UP LEFT DOWN RIGHT RIGHT UP LEFT LEFT DOWN DOWN RIGHT RIGHT UP LEFT LEFT DOWN RIGHT RIGHT]
3,11,2025-04-24T18:17:17.228322,Linear Conflict,23,570,554.334µs,[LEFT LEFT DOWN RIGHT RIGHT UP UP LEFT LEFT DOWN RIGHT RIGHT UP LEFT DOWN LEFT UP RIGHT DOWN LEFT DOWN RIGHT RIGHT]
3,12,2025-04-24T18:17:17.229952,Manhattan distance,16,161,71.777µs,[RIGHT UP LEFT DOWN DOWN RIGHT UP LEFT DOWN LEFT UP UP RIGHT RIGHT DOWN DOWN]
3,12,2025-04-24T18:17:17.229952,Linear Conflict,16,94,69.041µs,[RIGHT UP LEFT DOWN DOWN RIGHT UP LEFT DOWN LEFT UP UP RIGHT RIGHT DOWN DOWN]
3,13,2025-04-24T18:17:17.234369,Manhattan distance,27,3979,1.360618ms,[UP RIGHT DOWN DOWN LEFT UP RIGHT RIGHT DOWN LEFT UP RIGHT UP LEFT DOWN DOWN LEFT UP UP RIGHT DOWN LEFT DOWN RIGHT UP RIGHT DOWN]
3,13,2025-04-24T18:17:17.234369,Linear Conflict,27,2225,1.430912ms,[UP RIGHT DOWN DOWN LEFT UP RIGHT RIGHT DOWN LEFT UP RIGHT UP LEFT DOWN DOWN LEFT UP UP RIGHT DOWN LEFT DOWN RIGHT UP RIGHT DOWN]
3,14,2025-04-24T18:17:17.237057,Manhattan distance,23,1438,565.375µs,[LEFT UP LEFT DOWN RIGHT RIGHT UP LEFT DOWN DOWN RIGHT UP UP LEFT DOWN RIGHT DOWN LEFT UP LEFT DOWN RIGHT RIGHT]
3,14,2025-04-24T18:17:17.237057,Linear Conflict,23,793,527.683µs,[LEFT UP LEFT DOWN RIGHT RIGHT UP LEFT DOWN DOWN RIGHT UP UP LEFT DOWN RIGHT DOWN LEFT UP LEFT DOWN RIGHT RIGHT]
3,15,2025-04-24T18:17:17.241930,Manhattan distance,26,3804,1.766992ms,[UP UP RIGHT RIGHT DOWN DOWN LEFT UP RIGHT DOWN LEFT LEFT UP RIGHT UP LEFT DOWN DOWN RIGHT RIGHT UP LEFT LEFT DOWN RIGHT RIGHT]
3,15,2025-04-24T18:17:17.241930,Linear Conflict,26,1877,1.247072ms,[RIGHT RIGHT UP LEFT DOWN LEFT UP RIGHT RIGHT DOWN LEFT UP RIGHT UP LEFT LEFT DOWN DOWN RIGHT RIGHT UP LEFT UP RIGHT DOWN DOWN]
3,16,2025-04-24T18:17:17.246627,Manhattan distance,28,3026,1.474274ms,[LEFT LEFT DOWN RIGHT DOWN RIGHT UP LEFT UP RIGHT DOWN LEFT UP LEFT DOWN DOWN RIGHT RIGHT UP LEFT LEFT DOWN RIGHT RIGHT UP LEFT DOWN RIGHT]
3,16,2025-04-24T18:17:17.246627,Linear Conflict,28,1904,1.435501ms,[LEFT LEFT DOWN RIGHT DOWN RIGHT UP UP LEFT LEFT DOWN DOWN RIGHT RIGHT UP LEFT LEFT UP RIGHT RIGHT DOWN LEFT UP LEFT DOWN DOWN RIGHT RIGHT]
3,17,2025-04-24T18:17:17.250103,Manhattan distance,24,1818,852.933µs,[RIGHT RIGHT DOWN LEFT DOWN RIGHT UP LEFT UP LEFT DOWN DOWN RIGHT RIGHT UP UP LEFT DOWN LEFT UP RIGHT DOWN RIGHT DOWN]
3,17,2025-04-24T18:17:17.250103,Linear Conflict,24,981,616.101µs,[DOWN DOWN RIGHT RIGHT UP LEFT LEFT DOWN RIGHT RIGHT UP LEFT UP RIGHT DOWN LEFT LEFT UP RIGHT RIGHT DOWN LEFT DOWN RIGHT]
3,18,2025-04-24T18:17:17.253204,Manhattan distance,24,1574,769.774µs,[DOWN RIGHT RIGHT UP LEFT DOWN DOWN RIGHT UP UP LEFT LEFT DOWN RIGHT UP RIGHT DOWN LEFT DOWN LEFT UP RIGHT DOWN RIGHT]
3,18,2025-04-24T18:17:17.253204,Linear Conflict,24,882,649.736µs,[DOWN RIGHT RIGHT UP LEFT DOWN DOWN RIGHT UP UP LEFT LEFT DOWN RIGHT UP RIGHT DOWN LEFT DOWN LEFT UP RIGHT DOWN RIGHT]
3,19,2025-04-24T18:17:17.255576,Manhattan distance,24,900,406.994µs,[RIGHT UP LEFT DOWN DOWN RIGHT UP LEFT DOWN LEFT UP UP RIGHT RIGHT DOWN DOWN LEFT UP LEFT DOWN RIGHT UP RIGHT DOWN]
3,19,2025-04-24T18:17:17.255576,Linear Conflict,24,588,390.854µs,[RIGHT UP LEFT DOWN DOWN RIGHT UP LEFT DOWN LEFT UP UP RIGHT RIGHT DOWN DOWN LEFT UP LEFT DOWN RIGHT UP RIGHT DOWN]
3,20,2025-04-24T18:17:17.257539,Manhattan distance,19,72,35.458µs,[DOWN RIGHT UP RIGHT UP LEFT LEFT DOWN DOWN RIGHT RIGHT UP UP LEFT LEFT DOWN RIGHT DOWN RIGHT]
3,20,2025-04-24T18:17:17.257539,Linear Conflict,19,49,52.15µs,[DOWN RIGHT UP RIGHT UP LEFT LEFT DOWN DOWN RIGHT RIGHT UP UP LEFT LEFT DOWN RIGHT DOWN RIGHT]
3,21,2025-04-24T18:17:17.259607,Manhattan distance,24,617,253.332µs,[RIGHT RIGHT UP UP LEFT DOWN LEFT UP RIGHT DOWN DOWN LEFT UP RIGHT RIGHT DOWN LEFT UP RIGHT UP LEFT DOWN RIGHT DOWN]
3,21,2025-04-24T18:17:17.259607,Linear Conflict,24,343,203.487µs,[RIGHT RIGHT UP UP LEFT DOWN LEFT UP RIGHT DOWN DOWN LEFT UP RIGHT RIGHT DOWN LEFT UP RIGHT UP LEFT DOWN RIGHT DOWN]
3,22,2025-04-24T18:17:17.261035,Manhattan distance,19,94,36.79µs,[RIGHT DOWN LEFT UP UP RIGHT DOWN RIGHT DOWN LEFT LEFT UP RIGHT RIGHT UP LEFT DOWN RIGHT DOWN]
3,22,2025-04-24T18:17:17.261035,Linear Conflict,19,63,49.214µs,[RIGHT RIGHT DOWN LEFT LEFT UP UP RIGHT RIGHT DOWN DOWN LEFT LEFT UP RIGHT UP RIGHT DOWN DOWN]
3,23,2025-04-24T18:17:17.264897,Manhattan distance,25,1883,777.88µs,[LEFT LEFT DOWN RIGHT RIGHT UP LEFT UP LEFT DOWN RIGHT UP RIGHT DOWN LEFT DOWN RIGHT UP UP LEFT DOWN LEFT DOWN RIGHT RIGHT]
3,23,2025-04-24T18:17:17.264897,Linear Conflict,25,1741,1.598211ms,[LEFT LEFT DOWN RIGHT RIGHT UP LEFT UP LEFT DOWN RIGHT UP RIGHT DOWN LEFT DOWN RIGHT UP UP LEFT DOWN LEFT DOWN RIGHT RIGHT]
3,24,2025-04-24T18:17:17.267476,Manhattan distance,20,705,359.413µs,[UP UP LEFT DOWN RIGHT DOWN LEFT UP LEFT UP RIGHT RIGHT DOWN LEFT UP LEFT DOWN RIGHT RIGHT DOWN]
3,24,2025-04-24T18:17:17.267476,Linear Conflict,20,283,352.099µs,[UP UP LEFT DOWN RIGHT DOWN LEFT UP LEFT UP RIGHT RIGHT DOWN LEFT UP LEFT DOWN RIGHT RIGHT DOWN]
3,25,2025-04-24T18:17:17.269608,Manhattan distance,23,439,260.936µs,[RIGHT DOWN LEFT DOWN LEFT UP UP RIGHT RIGHT DOWN LEFT DOWN LEFT UP UP RIGHT DOWN RIGHT UP LEFT DOWN RIGHT DOWN]
3,25,2025-04-24T18:17:17.269608,Linear Conflict,23,297,184.972µs,[DOWN DOWN LEFT UP UP RIGHT RIGHT DOWN LEFT DOWN LEFT UP UP RIGHT RIGHT DOWN LEFT LEFT UP RIGHT RIGHT DOWN DOWN]
3,26,2025-04-24T18:17:17.272257,Manhattan distance,27,1093,366.938µs,[DOWN DOWN LEFT UP RIGHT DOWN RIGHT UP UP LEFT DOWN RIGHT UP LEFT LEFT DOWN DOWN RIGHT UP LEFT DOWN RIGHT RIGHT UP LEFT DOWN RIGHT]
3,26,2025-04-24T18:17:17.272257,Linear Conflict,27,915,720.22µs,[DOWN DOWN LEFT UP RIGHT DOWN RIGHT UP LEFT UP RIGHT DOWN LEFT UP LEFT DOWN RIGHT DOWN LEFT UP RIGHT RIGHT DOWN LEFT UP RIGHT DOWN]
3,27,2025-04-24T18:17:17.275794,Manhattan distance,25,1795,951.85µs,[UP LEFT UP RIGHT RIGHT DOWN LEFT LEFT DOWN RIGHT UP UP RIGHT DOWN DOWN LEFT LEFT UP RIGHT RIGHT UP LEFT DOWN DOWN RIGHT]
3,27,2025-04-24T18:17:17.275794,Linear Conflict,25,1079,664.875µs,[LEFT UP UP RIGHT RIGHT DOWN LEFT DOWN LEFT UP RIGHT UP RIGHT DOWN DOWN LEFT LEFT UP RIGHT RIGHT UP LEFT DOWN RIGHT DOWN]
3,28,2025-04-24T18:17:17.277596,Manhattan distance,18,216,88.388µs,[LEFT DOWN RIGHT DOWN LEFT UP UP RIGHT DOWN DOWN LEFT LEFT UP UP RIGHT DOWN DOWN RIGHT]
3,28,2025-04-24T18:17:17.277596,Linear Conflict,18,146,102.044µs,[LEFT DOWN RIGHT DOWN LEFT UP UP RIGHT DOWN DOWN LEFT LEFT UP UP RIGHT DOWN DOWN RIGHT]
3,29,2025-04-24T18:17:17.280624,Manhattan distance,23,585,320.29µs,[UP RIGHT DOWN LEFT LEFT UP RIGHT UP RIGHT DOWN LEFT UP LEFT DOWN RIGHT DOWN LEFT UP RIGHT UP RIGHT DOWN DOWN]
3,29,2025-04-24T18:17:17.280624,Linear Conflict,23,585,730.44µs,[UP RIGHT DOWN LEFT LEFT UP RIGHT UP RIGHT DOWN LEFT UP LEFT DOWN RIGHT DOWN LEFT UP RIGHT UP RIGHT DOWN DOWN]
3,30,2025-04-24T18:17:17.285535,Manhattan distance,26,4039,1.497979ms,[LEFT UP RIGHT DOWN LEFT DOWN RIGHT UP LEFT UP RIGHT DOWN RIGHT UP LEFT DOWN DOWN RIGHT UP LEFT DOWN LEFT UP RIGHT RIGHT DOWN]
3,30,2025-04-24T18:17:17.285535,Linear Conflict,26,1799,1.426003ms,[LEFT UP RIGHT DOWN LEFT DOWN RIGHT UP LEFT UP RIGHT DOWN RIGHT UP LEFT DOWN DOWN RIGHT UP LEFT DOWN LEFT UP RIGHT RIGHT DOWN]
3,31,2025-04-24T18:17:17.288019,Manhattan distance,24,1194,414.168µs,[LEFT LEFT UP RIGHT RIGHT UP LEFT DOWN DOWN LEFT UP UP RIGHT RIGHT DOWN LEFT LEFT DOWN RIGHT UP UP RIGHT DOWN DOWN]
3,31,2025-04-24T18:17:17.288019,Linear Conflict,24,733,431.501µs,[LEFT UP RIGHT UP LEFT DOWN LEFT DOWN RIGHT UP LEFT UP RIGHT RIGHT DOWN LEFT LEFT DOWN RIGHT UP UP RIGHT DOWN DOWN]
3,32,2025-04-24T18:17:17.289951,Manhattan distance,20,488,199.78µs,[RIGHT UP LEFT DOWN LEFT UP RIGHT DOWN DOWN LEFT UP RIGHT RIGHT DOWN LEFT UP LEFT DOWN RIGHT RIGHT]
3,32,2025-04-24T18:17:17.289951,Linear Conflict,20,259,202.896µs,[RIGHT UP LEFT DOWN LEFT UP RIGHT DOWN DOWN LEFT UP RIGHT RIGHT DOWN LEFT UP LEFT DOWN RIGHT RIGHT]
3,33,2025-04-24T18:17:17.292212,Manhattan distance,24,709,265.875µs,[UP UP RIGHT DOWN RIGHT UP LEFT DOWN DOWN RIGHT UP UP LEFT DOWN LEFT DOWN RIGHT RIGHT UP LEFT LEFT DOWN RIGHT RIGHT]
3,33,2025-04-24T18:17:17.292212,Linear Conflict,24,419,268.381µs,[UP UP RIGHT DOWN RIGHT UP LEFT DOWN DOWN RIGHT UP UP LEFT DOWN LEFT DOWN RIGHT RIGHT UP LEFT LEFT DOWN RIGHT RIGHT]
3,34,2025-04-24T18:17:17.297516,Manhattan distance,26,3774,1.66649ms,[LEFT UP RIGHT RIGHT DOWN LEFT LEFT UP RIGHT DOWN DOWN LEFT UP UP RIGHT RIGHT DOWN LEFT DOWN RIGHT UP LEFT UP RIGHT DOWN DOWN]
3,34,2025-04-24T18:17:17.297516,Linear Conflict,26,2489,1.806526ms,[DOWN LEFT UP UP RIGHT RIGHT DOWN LEFT LEFT UP RIGHT DOWN DOWN LEFT UP UP RIGHT DOWN DOWN RIGHT UP UP LEFT DOWN RIGHT DOWN]
3,35,2025-04-24T18:17:17.299277,Manhattan distance,20,200,68.61µs,[RIGHT UP RIGHT UP LEFT LEFT DOWN RIGHT RIGHT DOWN LEFT LEFT UP RIGHT RIGHT UP LEFT DOWN RIGHT DOWN]
3,35,2025-04-24T18:17:17.299277,Linear Conflict,20,73,59.062µs,[RIGHT UP RIGHT UP LEFT LEFT DOWN RIGHT RIGHT DOWN LEFT LEFT UP RIGHT RIGHT UP LEFT DOWN RIGHT DOWN]
3,36,2025-04-24T18:17:17.300976,Manhattan distance,18,38,27.372µs,[RIGHT RIGHT DOWN DOWN LEFT LEFT UP RIGHT RIGHT DOWN LEFT LEFT UP UP RIGHT RIGHT DOWN DOWN]
3,36,2025-04-24T18:17:17.300976,Linear Conflict,18,29,20.8µs,[RIGHT RIGHT DOWN DOWN LEFT LEFT UP RIGHT RIGHT DOWN LEFT LEFT UP UP RIGHT RIGHT DOWN DOWN]
3,37,2025-04-24T18:17:17.302675,Manhattan distance,20,162,65.715µs,[LEFT LEFT UP UP RIGHT DOWN RIGHT UP LEFT DOWN RIGHT DOWN LEFT LEFT UP UP RIGHT DOWN RIGHT DOWN]
3,37,2025-04-24T18:17:17.302675,Linear Conflict,20,107,75.874µs,[LEFT LEFT UP UP RIGHT DOWN RIGHT UP LEFT DOWN RIGHT DOWN LEFT LEFT UP UP RIGHT DOWN RIGHT DOWN]
3,38,2025-04-24T18:17:17.304807,Manhattan distance,22,898,333.825µs,[UP UP RIGHT RIGHT DOWN LEFT LEFT UP RIGHT DOWN DOWN LEFT UP RIGHT DOWN RIGHT UP LEFT LEFT DOWN RIGHT RIGHT]
3,38,2025-04-24T18:17:17.304807,Linear Conflict,22,484,331.941µs,[UP UP RIGHT RIGHT DOWN LEFT LEFT UP RIGHT DOWN DOWN LEFT UP RIGHT DOWN RIGHT UP LEFT LEFT DOWN RIGHT RIGHT]
3,39,2025-04-24T18:17:17.308884,Manhattan distance,25,1926,1.194161ms,[RIGHT RIGHT UP LEFT DOWN RIGHT DOWN LEFT LEFT UP RIGHT DOWN RIGHT UP LEFT DOWN LEFT UP UP RIGHT RIGHT DOWN LEFT DOWN RIGHT]
3,39,2025-04-24T18:17:17.308884,Linear Conflict,25,1156,1.078011ms,[DOWN RIGHT UP RIGHT UP LEFT DOWN RIGHT DOWN LEFT UP LEFT DOWN RIGHT RIGHT UP LEFT LEFT UP RIGHT RIGHT DOWN LEFT DOWN RIGHT]
3,40,2025-04-24T18:17:17.311836,Manhattan distance,25,1769,711.433µs,[LEFT UP LEFT DOWN RIGHT DOWN LEFT UP RIGHT RIGHT UP LEFT DOWN RIGHT DOWN LEFT LEFT UP RIGHT UP LEFT DOWN RIGHT RIGHT DOWN]
3,40,2025-04-24T18:17:17.311836,Linear Conflict,25,863,570.175µs,[LEFT UP LEFT DOWN RIGHT DOWN LEFT UP RIGHT RIGHT UP LEFT DOWN RIGHT DOWN LEFT LEFT UP RIGHT UP LEFT DOWN RIGHT RIGHT DOWN]
3,41,2025-04-24T18:17:17.313456,Manhattan distance,13,48,26.781µs,[UP LEFT UP RIGHT RIGHT DOWN DOWN LEFT LEFT UP RIGHT DOWN RIGHT]
3,41,2025-04-24T18:17:17.313456,Linear Conflict,13,24,18.525µs,[UP LEFT UP RIGHT RIGHT DOWN DOWN LEFT LEFT UP RIGHT DOWN RIGHT]
3,42,2025-04-24T18:17:17.315295,Manhattan distance,22,265,167.017µs,[LEFT DOWN LEFT UP RIGHT DOWN RIGHT UP LEFT DOWN LEFT DOWN RIGHT RIGHT UP LEFT LEFT UP RIGHT DOWN DOWN RIGHT]
3,42,2025-04-24T18:17:17.315295,Linear Conflict,22,70,56.237µs,[LEFT LEFT DOWN RIGHT RIGHT UP LEFT LEFT DOWN DOWN RIGHT RIGHT UP UP LEFT DOWN LEFT UP RIGHT DOWN DOWN RIGHT]
3,43,2025-04-24T18:17:17.318496,Manhattan distance,26,1830,946.551µs,[UP RIGHT RIGHT UP LEFT DOWN LEFT UP RIGHT DOWN LEFT DOWN RIGHT UP RIGHT DOWN LEFT UP RIGHT UP LEFT DOWN LEFT DOWN RIGHT RIGHT]
3,43,2025-04-24T18:17:17.318496,Linear Conflict,26,870,679.382µs,[UP RIGHT RIGHT UP LEFT LEFT DOWN RIGHT UP LEFT DOWN DOWN RIGHT UP RIGHT DOWN LEFT UP RIGHT UP LEFT DOWN LEFT DOWN RIGHT RIGHT]
3,44,2025-04-24T18:17:17.322375,Manhattan distance,26,2672,1.124068ms,[UP LEFT LEFT DOWN RIGHT UP UP LEFT DOWN DOWN RIGHT UP UP RIGHT DOWN LEFT UP LEFT DOWN DOWN RIGHT RIGHT UP LEFT DOWN RIGHT]
3,44,2025-04-24T18:17:17.322375,Linear Conflict,26,1571,1.168182ms,[UP LEFT LEFT DOWN RIGHT UP UP LEFT DOWN DOWN RIGHT UP UP RIGHT DOWN LEFT UP LEFT DOWN DOWN RIGHT RIGHT UP LEFT DOWN RIGHT]
3,45,2025-04-24T18:17:17.324756,Manhattan distance,22,639,273.841µs,[RIGHT UP LEFT DOWN DOWN RIGHT UP UP LEFT DOWN LEFT UP RIGHT RIGHT DOWN LEFT DOWN LEFT UP RIGHT RIGHT DOWN]
3,45,2025-04-24T18:17:17.324756,Linear Conflict,22,555,374.422µs,[RIGHT UP LEFT DOWN DOWN RIGHT UP UP LEFT DOWN LEFT UP RIGHT RIGHT DOWN LEFT DOWN LEFT UP RIGHT RIGHT DOWN]
3,46,2025-04-24T18:17:17.327380,Manhattan distance,25,1644,620.48µs,[LEFT UP RIGHT RIGHT UP LEFT DOWN DOWN LEFT UP UP RIGHT DOWN DOWN LEFT UP RIGHT DOWN RIGHT UP UP LEFT DOWN DOWN RIGHT]
3,46,2025-04-24T18:17:17.327380,Linear Conflict,25,568,474.943µs,[LEFT UP RIGHT RIGHT UP LEFT DOWN DOWN LEFT UP UP RIGHT DOWN DOWN LEFT UP RIGHT DOWN RIGHT UP UP LEFT DOWN DOWN RIGHT]
3,47,2025-04-24T18:17:17.329271,Manhattan distance,19,237,93.548µs,[LEFT LEFT DOWN RIGHT UP LEFT UP RIGHT DOWN RIGHT UP LEFT DOWN LEFT UP RIGHT DOWN DOWN RIGHT]
3,47,2025-04-24T18:17:17.329271,Linear Conflict,19,172,111.091µs,[LEFT LEFT DOWN RIGHT UP LEFT UP RIGHT DOWN RIGHT UP LEFT DOWN LEFT UP RIGHT DOWN DOWN RIGHT]
3,48,2025-04-24T18:17:17.334882,Manhattan distance,26,3709,1.886228ms,[RIGHT DOWN DOWN LEFT UP RIGHT UP LEFT DOWN RIGHT UP RIGHT DOWN DOWN LEFT UP UP RIGHT DOWN LEFT LEFT UP RIGHT RIGHT DOWN DOWN]
3,48,2025-04-24T18:17:17.334882,Linear Conflict,26,1980,1.846633ms,[RIGHT DOWN DOWN LEFT UP RIGHT UP LEFT DOWN RIGHT UP RIGHT DOWN DOWN LEFT UP UP RIGHT DOWN LEFT LEFT UP RIGHT RIGHT DOWN DOWN]
3,49,2025-04-24T18:17:17.337299,Manhattan distance,24,553,209.279µs,[LEFT UP RIGHT UP LEFT DOWN RIGHT DOWN LEFT UP LEFT DOWN RIGHT UP LEFT UP RIGHT RIGHT DOWN LEFT UP RIGHT DOWN DOWN]
3,49,2025-04-24T18:17:17.337299,Linear Conflict,24,406,234.626µs,[LEFT UP RIGHT UP LEFT DOWN RIGHT DOWN LEFT LEFT UP RIGHT DOWN LEFT UP UP RIGHT RIGHT DOWN LEFT UP RIGHT DOWN DOWN]
3,50,2025-04-24T18:17:17.342112,Manhattan distance,28,4519,1.489885ms,[DOWN DOWN LEFT UP LEFT UP RIGHT DOWN LEFT DOWN RIGHT UP LEFT UP RIGHT RIGHT DOWN LEFT UP RIGHT DOWN DOWN LEFT LEFT UP RIGHT RIGHT DOWN]
3,50,2025-04-24T18:17:17.342112,Linear Conflict,28,2048,1.692811ms,[DOWN LEFT LEFT DOWN RIGHT RIGHT UP LEFT LEFT UP RIGHT RIGHT DOWN LEFT LEFT UP RIGHT RIGHT DOWN LEFT DOWN LEFT UP UP RIGHT DOWN DOWN RIGHT]
4,1,2025-04-24T18:17:17.396430,Manhattan distance,32,66566,39.382253ms,[LEFT UP UP RIGHT UP RIGHT DOWN DOWN DOWN LEFT UP RIGHT RIGHT DOWN LEFT LEFT UP UP LEFT UP RIGHT RIGHT RIGHT DOWN DOWN LEFT UP LEFT DOWN RIGHT DOWN RIGHT]
4,1,2025-04-24T18:17:17.396430,Linear Conflict,32,10929,11.743738ms,[LEFT UP UP RIGHT UP RIGHT DOWN DOWN DOWN LEFT UP RIGHT RIGHT DOWN LEFT LEFT UP UP LEFT UP RIGHT RIGHT RIGHT DOWN DOWN LEFT UP LEFT DOWN RIGHT DOWN RIGHT]
4,2,2025-04-24T18:17:17.507052,Manhattan distance,43,163996,97.764879ms,[DOWN LEFT DOWN RIGHT DOWN RIGHT RIGHT UP UP LEFT LEFT DOWN RIGHT DOWN LEFT LEFT UP RIGHT RIGHT UP UP LEFT DOWN LEFT DOWN RIGHT RIGHT DOWN RIGHT UP UP UP LEFT DOWN LEFT LEFT UP RIGHT RIGHT DOWN DOWN DOWN RIGHT]
4,2,2025-04-24T18:17:17.507052,Linear Conflict,43,9358,10.169446ms,[DOWN LEFT DOWN RIGHT DOWN RIGHT RIGHT UP UP LEFT UP LEFT DOWN DOWN DOWN RIGHT RIGHT UP UP UP LEFT LEFT DOWN LEFT UP RIGHT DOWN RIGHT UP LEFT DOWN DOWN RIGHT UP LEFT DOWN DOWN LEFT UP RIGHT RIGHT DOWN RIGHT]
4,3,2025-04-24T18:17:20.146885,Manhattan distance,47,2833823,2.206456177s,[UP UP LEFT DOWN DOWN DOWN LEFT UP LEFT DOWN RIGHT UP UP RIGHT RIGHT UP LEFT LEFT DOWN LEFT UP RIGHT DOWN RIGHT DOWN RIGHT DOWN LEFT LEFT UP LEFT UP RIGHT DOWN DOWN LEFT UP UP RIGHT UP RIGHT RIGHT DOWN DOWN LEFT DOWN RIGHT]
4,3,2025-04-24T18:17:20.146885,Linear Conflict,47,321762,429.035001ms,[UP UP LEFT DOWN RIGHT DOWN DOWN LEFT LEFT UP RIGHT UP LEFT LEFT UP RIGHT DOWN DOWN RIGHT RIGHT DOWN LEFT LEFT UP LEFT UP RIGHT RIGHT DOWN RIGHT UP LEFT DOWN LEFT LEFT DOWN RIGHT UP UP UP LEFT DOWN DOWN DOWN RIGHT RIGHT RIGHT]
4,4,2025-04-24T18:17:20.148574,Manhattan distance,9,10,8.486µs,[RIGHT UP RIGHT RIGHT DOWN DOWN LEFT DOWN RIGHT]
4,4,2025-04-24T18:17:20.148574,Linear Conflict,9,10,16.211µs,[RIGHT UP RIGHT RIGHT DOWN DOWN LEFT DOWN RIGHT]
4,5,2025-04-24T18:17:20.150262,Manhattan distance,21,533,206.012µs,[LEFT LEFT UP RIGHT DOWN LEFT DOWN RIGHT UP UP LEFT DOWN DOWN RIGHT RIGHT DOWN LEFT UP RIGHT DOWN RIGHT]
4,5,2025-04-24T18:17:20.150262,Linear Conflict,21,203,197.315µs,[LEFT LEFT UP RIGHT DOWN LEFT DOWN RIGHT UP UP LEFT DOWN DOWN RIGHT RIGHT DOWN LEFT UP RIGHT DOWN RIGHT]
4,6,2025-04-24T18:17:20.218891,Manhattan distance,39,90087,43.432998ms,[DOWN DOWN LEFT DOWN RIGHT UP LEFT UP UP LEFT DOWN DOWN DOWN RIGHT RIGHT UP LEFT UP UP LEFT DOWN DOWN LEFT UP UP RIGHT DOWN RIGHT RIGHT DOWN LEFT LEFT LEFT UP RIGHT DOWN DOWN RIGHT RIGHT]
4,6,2025-04-24T18:17:20.218891,Linear Conflict,39,19514,23.053442ms,[DOWN DOWN LEFT DOWN RIGHT UP LEFT UP UP LEFT DOWN DOWN DOWN RIGHT RIGHT UP LEFT UP UP LEFT DOWN DOWN LEFT UP UP RIGHT DOWN RIGHT RIGHT DOWN LEFT LEFT LEFT UP RIGHT DOWN DOWN RIGHT RIGHT]
4,7,2025-04-24T18:17:20.220628,Manhattan distance,6,7,6.011µs,[LEFT UP UP RIGHT DOWN DOWN]
4,7,2025-04-24T18:17:20.220628,Linear Conflict,6,7,9.669µs,[LEFT UP UP RIGHT DOWN DOWN]
4,8,2025-04-24T18:17:23.656344,Manhattan distance,50,3614848,2.931961411s,[DOWN RIGHT DOWN DOWN LEFT UP RIGHT DOWN LEFT LEFT LEFT UP UP UP RIGHT DOWN RIGHT RIGHT UP LEFT DOWN DOWN LEFT LEFT UP RIGHT DOWN DOWN LEFT UP UP RIGHT DOWN RIGHT RIGHT UP UP LEFT LEFT DOWN RIGHT DOWN DOWN RIGHT UP UP LEFT DOWN RIGHT DOWN]
4,8,2025-04-24T18:17:23.656344,Linear Conflict,50,432860,499.739394ms,[DOWN RIGHT DOWN LEFT DOWN RIGHT UP LEFT DOWN LEFT LEFT UP UP UP RIGHT DOWN RIGHT RIGHT UP LEFT DOWN DOWN LEFT LEFT UP RIGHT DOWN DOWN LEFT UP UP RIGHT DOWN RIGHT RIGHT UP UP LEFT LEFT DOWN RIGHT DOWN DOWN RIGHT UP UP LEFT DOWN RIGHT DOWN]
4,9,2025-04-24T18:17:28.526632,Manhattan distance,49,5870923,4.492488559s,[RIGHT DOWN DOWN DOWN LEFT LEFT UP UP UP RIGHT RIGHT RIGHT DOWN DOWN DOWN LEFT UP UP UP RIGHT DOWN DOWN LEFT LEFT LEFT DOWN RIGHT UP UP LEFT DOWN DOWN RIGHT UP UP UP LEFT DOWN DOWN RIGHT UP UP RIGHT RIGHT DOWN LEFT DOWN RIGHT DOWN]
4,9,2025-04-24T18:17:28.526632,Linear Conflict,49,309656,367.323333ms,[RIGHT DOWN RIGHT DOWN DOWN LEFT UP LEFT DOWN LEFT UP UP UP RIGHT RIGHT DOWN DOWN LEFT LEFT DOWN RIGHT UP UP LEFT DOWN DOWN RIGHT UP UP UP LEFT DOWN DOWN RIGHT UP UP RIGHT RIGHT DOWN DOWN LEFT UP UP RIGHT DOWN LEFT DOWN DOWN RIGHT]
4,10,2025-04-24T18:17:29.594155,Manhattan distance,48,1469578,985.964938ms,[LEFT UP RIGHT DOWN LEFT DOWN RIGHT RIGHT UP LEFT DOWN RIGHT RIGHT UP LEFT UP LEFT DOWN LEFT DOWN RIGHT DOWN RIGHT UP UP UP RIGHT DOWN DOWN LEFT UP LEFT DOWN DOWN RIGHT RIGHT UP LEFT UP LEFT UP RIGHT DOWN RIGHT DOWN LEFT DOWN RIGHT]
4,10,2025-04-24T18:17:29.594155,Linear Conflict,48,79562,76.26408ms,[LEFT UP RIGHT DOWN LEFT DOWN RIGHT RIGHT UP UP RIGHT DOWN LEFT LEFT UP RIGHT DOWN LEFT DOWN RIGHT RIGHT UP LEFT LEFT LEFT DOWN RIGHT DOWN RIGHT UP LEFT UP RIGHT DOWN LEFT DOWN RIGHT RIGHT UP UP UP LEFT DOWN RIGHT DOWN LEFT DOWN RIGHT]
4,11,2025-04-24T18:17:29.695595,Manhattan distance,44,114670,55.640691ms,[RIGHT RIGHT UP RIGHT UP LEFT DOWN RIGHT DOWN LEFT UP LEFT DOWN RIGHT DOWN LEFT LEFT UP UP RIGHT RIGHT RIGHT DOWN DOWN LEFT LEFT UP LEFT UP RIGHT UP RIGHT DOWN DOWN LEFT UP UP LEFT DOWN RIGHT RIGHT DOWN RIGHT DOWN]
4,11,2025-04-24T18:17:29.695595,Linear Conflict,44,37950,43.050195ms,[RIGHT RIGHT UP RIGHT UP LEFT DOWN RIGHT DOWN LEFT UP LEFT DOWN RIGHT DOWN LEFT LEFT UP UP RIGHT RIGHT RIGHT DOWN DOWN LEFT LEFT UP LEFT UP RIGHT UP RIGHT DOWN DOWN LEFT UP UP LEFT DOWN RIGHT RIGHT DOWN RIGHT DOWN]
4,12,2025-04-24T18:17:30.804591,Manhattan distance,44,1196462,919.28011ms,[UP UP UP LEFT LEFT DOWN LEFT DOWN DOWN RIGHT UP UP LEFT DOWN DOWN RIGHT UP UP UP LEFT DOWN DOWN DOWN RIGHT RIGHT UP RIGHT UP LEFT LEFT UP LEFT DOWN DOWN RIGHT DOWN RIGHT UP LEFT UP RIGHT DOWN DOWN RIGHT]
4,12,2025-04-24T18:17:30.804591,Linear Conflict,44,165553,185.556231ms,[UP UP UP LEFT LEFT DOWN LEFT DOWN DOWN RIGHT UP UP LEFT DOWN DOWN RIGHT UP UP UP LEFT DOWN DOWN DOWN RIGHT RIGHT UP RIGHT UP LEFT LEFT UP LEFT DOWN DOWN RIGHT DOWN RIGHT UP LEFT UP RIGHT DOWN DOWN RIGHT]
4,13,2025-04-24T18:17:31.068184,Manhattan distance,43,313290,192.525624ms,[DOWN DOWN LEFT LEFT UP LEFT DOWN RIGHT DOWN LEFT UP RIGHT RIGHT UP LEFT UP LEFT DOWN DOWN RIGHT UP RIGHT RIGHT UP LEFT DOWN RIGHT DOWN LEFT LEFT DOWN RIGHT UP LEFT UP UP RIGHT DOWN RIGHT DOWN LEFT DOWN RIGHT]
4,13,2025-04-24T18:17:31.068184,Linear Conflict,43,58951,68.24489ms,[DOWN DOWN LEFT LEFT UP LEFT DOWN RIGHT DOWN LEFT UP RIGHT RIGHT UP LEFT UP LEFT DOWN DOWN RIGHT UP RIGHT RIGHT UP LEFT DOWN RIGHT DOWN LEFT LEFT DOWN RIGHT UP LEFT UP UP RIGHT DOWN RIGHT DOWN LEFT DOWN RIGHT]
4,14,2025-04-24T18:17:31.069748,Manhattan distance,22,111,58.852µs,[DOWN RIGHT UP LEFT LEFT UP LEFT UP RIGHT RIGHT DOWN LEFT LEFT DOWN DOWN RIGHT RIGHT UP UP RIGHT DOWN DOWN]
4,14,2025-04-24T18:17:31.069748,Linear Conflict,22,91,90.122µs,[DOWN RIGHT UP LEFT LEFT UP LEFT UP RIGHT RIGHT DOWN LEFT LEFT DOWN DOWN RIGHT RIGHT UP UP RIGHT DOWN DOWN]
4,15,2025-04-24T18:17:31.179159,Manhattan distance,43,155762,79.934844ms,[UP RIGHT RIGHT RIGHT DOWN LEFT LEFT UP RIGHT UP UP RIGHT DOWN LEFT LEFT DOWN LEFT UP RIGHT UP RIGHT RIGHT DOWN DOWN DOWN LEFT LEFT LEFT UP RIGHT UP UP LEFT DOWN RIGHT UP RIGHT RIGHT DOWN DOWN LEFT DOWN RIGHT]
4,15,2025-04-24T18:17:31.179159,Linear Conflict,43,25626,27.500817ms,[UP RIGHT RIGHT RIGHT DOWN LEFT LEFT UP RIGHT UP UP RIGHT DOWN LEFT LEFT DOWN LEFT UP RIGHT UP RIGHT RIGHT DOWN DOWN DOWN LEFT LEFT LEFT UP RIGHT UP UP LEFT DOWN RIGHT UP RIGHT RIGHT DOWN DOWN LEFT DOWN RIGHT]
4,16,2025-04-24T18:17:32.175012,Manhattan distance,44,1274676,899.016464ms,[LEFT DOWN RIGHT DOWN DOWN LEFT UP RIGHT RIGHT DOWN LEFT LEFT UP LEFT UP RIGHT UP LEFT DOWN DOWN DOWN RIGHT RIGHT UP UP UP RIGHT DOWN DOWN LEFT UP UP RIGHT DOWN LEFT UP LEFT DOWN DOWN LEFT DOWN RIGHT RIGHT RIGHT]
4,16,2025-04-24T18:17:32.175012,Linear Conflict,44,75881,92.156731ms,[LEFT DOWN LEFT DOWN RIGHT UP RIGHT DOWN DOWN LEFT LEFT UP UP RIGHT UP LEFT DOWN DOWN RIGHT RIGHT RIGHT DOWN LEFT UP UP UP RIGHT DOWN DOWN LEFT UP UP RIGHT DOWN LEFT UP LEFT DOWN LEFT DOWN RIGHT DOWN RIGHT RIGHT]
4,17,2025-04-24T18:17:34.576017,Manhattan distance,46,2454489,1.922152521s,[RIGHT RIGHT RIGHT UP LEFT LEFT DOWN RIGHT UP UP LEFT DOWN DOWN DOWN RIGHT RIGHT UP UP LEFT UP LEFT DOWN DOWN LEFT DOWN RIGHT RIGHT UP LEFT DOWN LEFT UP UP UP RIGHT DOWN RIGHT UP RIGHT DOWN LEFT LEFT DOWN DOWN RIGHT RIGHT]
4,17,2025-04-24T18:17:34.576017,Linear Conflict,46,350589,474.03362ms,[RIGHT UP RIGHT DOWN RIGHT UP LEFT DOWN DOWN LEFT UP UP RIGHT UP LEFT DOWN DOWN RIGHT DOWN RIGHT UP UP LEFT DOWN DOWN LEFT UP UP RIGHT DOWN LEFT LEFT UP UP RIGHT DOWN RIGHT UP RIGHT DOWN DOWN LEFT LEFT DOWN RIGHT RIGHT]
4,18,2025-04-24T18:17:41.566959,Manhattan distance,46,6482772,5.189030562s,[LEFT DOWN DOWN RIGHT UP LEFT DOWN LEFT LEFT UP RIGHT RIGHT DOWN LEFT LEFT UP UP RIGHT UP LEFT DOWN DOWN RIGHT RIGHT UP UP LEFT DOWN DOWN RIGHT DOWN RIGHT UP LEFT DOWN LEFT LEFT UP UP UP RIGHT RIGHT RIGHT DOWN DOWN DOWN]
4,18,2025-04-24T18:17:41.566959,Linear Conflict,46,1317823,1.795226169s,[DOWN DOWN LEFT UP RIGHT UP LEFT LEFT DOWN RIGHT DOWN LEFT UP LEFT DOWN RIGHT UP UP UP RIGHT DOWN DOWN DOWN LEFT UP LEFT UP RIGHT DOWN RIGHT UP LEFT UP RIGHT RIGHT DOWN LEFT LEFT UP LEFT DOWN RIGHT DOWN RIGHT RIGHT DOWN]
4,19,2025-04-24T18:17:41.848448,Manhattan distance,37,296498,186.319661ms,[DOWN DOWN LEFT UP UP UP LEFT DOWN RIGHT RIGHT RIGHT DOWN DOWN LEFT UP RIGHT UP UP LEFT LEFT DOWN LEFT UP RIGHT DOWN RIGHT DOWN LEFT LEFT UP UP RIGHT DOWN DOWN DOWN RIGHT RIGHT]
4,19,2025-04-24T18:17:41.848448,Linear Conflict,37,72827,92.325339ms,[DOWN DOWN LEFT UP UP RIGHT RIGHT DOWN DOWN LEFT UP RIGHT UP UP LEFT LEFT LEFT DOWN RIGHT UP RIGHT DOWN LEFT LEFT UP RIGHT RIGHT DOWN DOWN LEFT LEFT UP RIGHT DOWN DOWN RIGHT RIGHT]
4,20,2025-04-24T18:17:42.636741,Manhattan distance,45,941550,690.83639ms,[RIGHT UP UP LEFT DOWN RIGHT UP UP LEFT DOWN LEFT DOWN LEFT DOWN RIGHT RIGHT UP RIGHT DOWN LEFT UP UP LEFT LEFT DOWN DOWN RIGHT RIGHT UP LEFT UP UP RIGHT RIGHT DOWN DOWN LEFT LEFT UP RIGHT UP RIGHT DOWN DOWN DOWN]
4,20,2025-04-24T18:17:42.636741,Linear Conflict,45,80331,94.686438ms,[RIGHT UP UP LEFT DOWN RIGHT UP UP LEFT DOWN LEFT DOWN LEFT DOWN RIGHT RIGHT UP RIGHT DOWN LEFT UP UP LEFT LEFT DOWN DOWN RIGHT RIGHT UP LEFT UP UP RIGHT RIGHT DOWN DOWN LEFT LEFT UP RIGHT UP RIGHT DOWN DOWN DOWN]
4,21,2025-04-24T18:17:42.732573,Manhattan distance,36,69569,37.339201ms,[RIGHT RIGHT RIGHT UP LEFT LEFT DOWN DOWN RIGHT RIGHT UP LEFT UP LEFT LEFT DOWN RIGHT DOWN RIGHT UP UP UP LEFT DOWN LEFT UP RIGHT RIGHT DOWN LEFT LEFT DOWN RIGHT DOWN RIGHT RIGHT]
4,21,2025-04-24T18:17:42.732573,Linear Conflict,36,47448,55.701107ms,[RIGHT RIGHT RIGHT UP LEFT LEFT DOWN DOWN RIGHT RIGHT UP LEFT UP LEFT LEFT DOWN RIGHT DOWN RIGHT UP UP UP LEFT DOWN LEFT UP RIGHT RIGHT DOWN LEFT LEFT DOWN RIGHT DOWN RIGHT RIGHT]
4,22,2025-04-24T18:17:42.734125,Manhattan distance,17,78,42.841µs,[RIGHT RIGHT DOWN LEFT LEFT DOWN RIGHT UP LEFT UP RIGHT RIGHT DOWN LEFT DOWN DOWN RIGHT]
4,22,2025-04-24T18:17:42.734125,Linear Conflict,17,47,54.223µs,[RIGHT RIGHT DOWN LEFT LEFT DOWN RIGHT UP LEFT UP RIGHT RIGHT DOWN LEFT DOWN DOWN RIGHT]
4,23,2025-04-24T18:17:42.899475,Manhattan distance,40,181656,86.418874ms,[DOWN LEFT UP UP LEFT LEFT DOWN RIGHT DOWN RIGHT UP UP LEFT LEFT DOWN RIGHT DOWN DOWN RIGHT RIGHT UP LEFT LEFT UP RIGHT DOWN DOWN LEFT UP RIGHT RIGHT UP LEFT UP LEFT DOWN DOWN RIGHT DOWN RIGHT]
4,23,2025-04-24T18:17:42.899475,Linear Conflict,40,67681,76.551775ms,[DOWN LEFT UP UP LEFT LEFT DOWN RIGHT DOWN RIGHT UP UP LEFT LEFT DOWN RIGHT DOWN DOWN RIGHT RIGHT UP LEFT LEFT UP RIGHT DOWN DOWN LEFT UP RIGHT RIGHT UP LEFT UP LEFT DOWN DOWN RIGHT DOWN RIGHT]
4,24,2025-04-24T18:17:43.167388,Manhattan distance,42,375358,176.440514ms,[LEFT DOWN RIGHT DOWN LEFT LEFT UP UP RIGHT DOWN DOWN LEFT LEFT UP RIGHT DOWN RIGHT UP LEFT UP RIGHT RIGHT DOWN LEFT DOWN LEFT LEFT UP UP UP RIGHT DOWN LEFT UP RIGHT RIGHT DOWN LEFT DOWN DOWN RIGHT RIGHT]
4,24,2025-04-24T18:17:43.167388,Linear Conflict,42,76268,89.039403ms,[LEFT DOWN RIGHT DOWN LEFT LEFT UP UP RIGHT DOWN DOWN LEFT LEFT UP RIGHT DOWN RIGHT UP LEFT UP RIGHT RIGHT DOWN LEFT DOWN LEFT LEFT UP UP UP RIGHT DOWN LEFT UP RIGHT RIGHT DOWN LEFT DOWN DOWN RIGHT RIGHT]
4,25,2025-04-24T18:17:43.169025,Manhattan distance,14,35,30.337µs,[UP RIGHT UP UP LEFT DOWN DOWN RIGHT DOWN RIGHT UP LEFT DOWN RIGHT]
4,25,2025-04-24T18:17:43.169025,Linear Conflict,14,35,56.006µs,[UP RIGHT UP UP LEFT DOWN DOWN RIGHT DOWN RIGHT UP LEFT DOWN RIGHT]
4,26,2025-04-24T18:17:51.164906,Manhattan distance,50,5776792,4.496026168s,[LEFT DOWN RIGHT DOWN RIGHT UP UP UP LEFT DOWN LEFT DOWN RIGHT RIGHT UP RIGHT UP LEFT LEFT DOWN RIGHT RIGHT UP LEFT LEFT DOWN DOWN RIGHT RIGHT DOWN LEFT LEFT UP LEFT UP RIGHT RIGHT DOWN LEFT LEFT UP RIGHT RIGHT DOWN LEFT LEFT DOWN RIGHT RIGHT RIGHT]
4,26,2025-04-24T18:17:51.164906,Linear Conflict,50,2506734,3.490399502s,[LEFT DOWN RIGHT DOWN RIGHT UP UP UP LEFT DOWN LEFT DOWN RIGHT RIGHT UP RIGHT UP LEFT LEFT DOWN RIGHT RIGHT UP LEFT LEFT DOWN DOWN RIGHT RIGHT DOWN LEFT LEFT UP LEFT UP RIGHT RIGHT DOWN LEFT LEFT UP RIGHT RIGHT DOWN LEFT LEFT DOWN RIGHT RIGHT RIGHT]
4,27,2025-04-24T18:17:51.171999,Manhattan distance,24,4113,1.828448ms,[LEFT LEFT UP RIGHT DOWN DOWN DOWN RIGHT UP LEFT LEFT UP RIGHT RIGHT DOWN LEFT UP LEFT DOWN RIGHT UP RIGHT DOWN DOWN]
4,27,2025-04-24T18:17:51.171999,Linear Conflict,24,2357,3.191841ms,[LEFT DOWN DOWN RIGHT UP LEFT LEFT UP RIGHT RIGHT DOWN LEFT UP LEFT DOWN RIGHT UP LEFT UP RIGHT DOWN RIGHT DOWN DOWN]
4,28,2025-04-24T18:17:57.204125,Manhattan distance,51,5234680,4.126567783s,[DOWN LEFT LEFT UP LEFT UP RIGHT RIGHT DOWN LEFT LEFT UP RIGHT RIGHT DOWN RIGHT UP UP LEFT DOWN DOWN DOWN RIGHT UP LEFT LEFT DOWN LEFT UP RIGHT UP RIGHT RIGHT DOWN LEFT DOWN LEFT UP LEFT UP RIGHT RIGHT UP LEFT LEFT DOWN DOWN RIGHT RIGHT RIGHT DOWN]
4,28,2025-04-24T18:17:57.204125,Linear Conflict,51,1378268,1.89827148s,[DOWN LEFT LEFT LEFT UP UP RIGHT DOWN RIGHT RIGHT DOWN LEFT LEFT LEFT UP RIGHT RIGHT RIGHT DOWN LEFT LEFT LEFT UP UP RIGHT RIGHT RIGHT UP LEFT LEFT DOWN DOWN RIGHT UP RIGHT DOWN LEFT DOWN LEFT LEFT UP UP RIGHT UP LEFT DOWN RIGHT RIGHT DOWN DOWN RIGHT]
4,29,2025-04-24T18:17:57.206109,Manhattan distance,21,215,92.435µs,[RIGHT UP UP UP LEFT DOWN RIGHT DOWN LEFT DOWN LEFT UP LEFT UP RIGHT DOWN LEFT DOWN RIGHT RIGHT RIGHT]
4,29,2025-04-24T18:17:57.206109,Linear Conflict,21,205,195.983µs,[RIGHT UP UP UP LEFT DOWN RIGHT DOWN LEFT DOWN LEFT UP LEFT UP RIGHT DOWN LEFT DOWN RIGHT RIGHT RIGHT]
4,30,2025-04-24T18:17:57.207840,Manhattan distance,25,367,155.987µs,[DOWN LEFT LEFT UP LEFT DOWN DOWN RIGHT RIGHT UP RIGHT DOWN LEFT UP LEFT UP RIGHT DOWN LEFT LEFT DOWN RIGHT RIGHT DOWN RIGHT]
4,30,2025-04-24T18:17:57.207840,Linear Conflict,25,103,106.041µs,[DOWN LEFT LEFT UP LEFT DOWN DOWN RIGHT RIGHT UP LEFT UP RIGHT DOWN RIGHT DOWN LEFT UP LEFT LEFT DOWN RIGHT RIGHT DOWN RIGHT]
4,31,2025-04-24T18:17:58.753103,Manhattan distance,44,1652977,1.164699339s,[LEFT UP UP LEFT DOWN DOWN RIGHT UP RIGHT DOWN RIGHT UP UP LEFT DOWN DOWN RIGHT DOWN LEFT UP RIGHT UP LEFT DOWN RIGHT UP UP LEFT DOWN LEFT UP RIGHT DOWN DOWN LEFT LEFT UP RIGHT DOWN DOWN RIGHT UP RIGHT DOWN]
4,31,2025-04-24T18:17:58.753103,Linear Conflict,44,287045,376.753896ms,[LEFT UP RIGHT DOWN RIGHT UP UP LEFT DOWN DOWN RIGHT DOWN LEFT UP UP RIGHT DOWN LEFT UP RIGHT UP LEFT DOWN LEFT UP LEFT DOWN DOWN RIGHT UP UP RIGHT DOWN DOWN LEFT LEFT UP RIGHT DOWN DOWN RIGHT UP RIGHT DOWN]
4,32,2025-04-24T18:18:00.479974,Manhattan distance,43,1244640,880.668148ms,[RIGHT UP RIGHT DOWN LEFT DOWN DOWN RIGHT UP UP LEFT DOWN RIGHT RIGHT DOWN LEFT LEFT UP RIGHT RIGHT UP UP LEFT LEFT DOWN RIGHT RIGHT DOWN DOWN LEFT LEFT UP LEFT UP UP RIGHT RIGHT RIGHT DOWN LEFT DOWN RIGHT DOWN]
4,32,2025-04-24T18:18:00.479974,Linear Conflict,43,600845,841.900474ms,[RIGHT UP RIGHT DOWN LEFT DOWN DOWN RIGHT UP UP LEFT DOWN RIGHT RIGHT UP UP LEFT LEFT DOWN RIGHT RIGHT DOWN DOWN LEFT LEFT UP RIGHT RIGHT DOWN LEFT LEFT UP LEFT UP UP RIGHT RIGHT RIGHT DOWN LEFT DOWN RIGHT DOWN]
4,33,2025-04-24T18:18:00.482097,Manhattan distance,18,88,57.79µs,[RIGHT DOWN RIGHT UP RIGHT DOWN LEFT UP LEFT UP LEFT UP RIGHT DOWN RIGHT RIGHT DOWN DOWN]
4,33,2025-04-24T18:18:00.482097,Linear Conflict,18,86,109.148µs,[RIGHT DOWN RIGHT UP RIGHT DOWN LEFT UP LEFT UP LEFT UP RIGHT DOWN RIGHT RIGHT DOWN DOWN]
4,34,2025-04-24T18:18:00.483625,Manhattan distance,16,35,16.932µs,[UP RIGHT DOWN RIGHT DOWN LEFT LEFT DOWN RIGHT UP LEFT UP RIGHT RIGHT DOWN DOWN]
4,34,2025-04-24T18:18:00.483625,Linear Conflict,16,23,35.227µs,[UP RIGHT DOWN RIGHT DOWN LEFT LEFT DOWN RIGHT UP LEFT UP RIGHT RIGHT DOWN DOWN]
4,35,2025-04-24T18:18:00.484976,Manhattan distance,20,79,33.824µs,[LEFT DOWN RIGHT RIGHT RIGHT DOWN LEFT LEFT LEFT UP RIGHT UP RIGHT DOWN LEFT UP RIGHT RIGHT DOWN DOWN]
4,35,2025-04-24T18:18:00.484976,Linear Conflict,20,46,54.052µs,[LEFT DOWN RIGHT RIGHT RIGHT DOWN LEFT LEFT LEFT UP RIGHT UP RIGHT DOWN LEFT UP RIGHT RIGHT DOWN DOWN]
4,36,2025-04-24T18:18:00.487891,Manhattan distance,33,2649,1.00954ms,[RIGHT RIGHT DOWN LEFT DOWN LEFT DOWN LEFT UP UP RIGHT DOWN DOWN RIGHT UP UP UP LEFT DOWN DOWN DOWN LEFT UP UP RIGHT DOWN RIGHT RIGHT UP LEFT DOWN RIGHT DOWN]
4,36,2025-04-24T18:18:00.487891,Linear Conflict,33,473,580.935µs,[RIGHT RIGHT DOWN LEFT DOWN LEFT DOWN LEFT UP UP RIGHT DOWN DOWN RIGHT UP UP UP LEFT DOWN DOWN DOWN LEFT UP UP RIGHT DOWN RIGHT RIGHT UP LEFT DOWN RIGHT DOWN]
4,37,2025-04-24T18:18:01.367181,Manhattan distance,42,600044,425.24518ms,[LEFT UP RIGHT RIGHT RIGHT DOWN DOWN DOWN LEFT UP UP LEFT LEFT UP RIGHT RIGHT DOWN RIGHT UP LEFT DOWN DOWN RIGHT UP LEFT LEFT DOWN DOWN LEFT UP RIGHT UP UP LEFT DOWN DOWN DOWN RIGHT RIGHT UP RIGHT DOWN]
4,37,2025-04-24T18:18:01.367181,Linear Conflict,42,319877,450.217227ms,[LEFT UP RIGHT DOWN LEFT DOWN RIGHT DOWN RIGHT UP UP UP LEFT DOWN RIGHT RIGHT DOWN LEFT UP UP RIGHT DOWN LEFT UP LEFT DOWN DOWN DOWN RIGHT UP LEFT LEFT UP RIGHT RIGHT UP RIGHT DOWN DOWN LEFT DOWN RIGHT]
4,38,2025-04-24T18:18:01.371544,Manhattan distance,31,2159,957.912µs,[UP RIGHT DOWN DOWN RIGHT UP LEFT LEFT LEFT DOWN RIGHT UP LEFT UP UP RIGHT RIGHT RIGHT DOWN LEFT LEFT UP RIGHT RIGHT DOWN LEFT LEFT DOWN DOWN RIGHT RIGHT]
4,38,2025-04-24T18:18:01.371544,Linear Conflict,31,1211,1.626364ms,[LEFT DOWN RIGHT UP LEFT UP UP RIGHT RIGHT RIGHT DOWN LEFT DOWN DOWN RIGHT UP UP LEFT LEFT UP RIGHT RIGHT DOWN DOWN LEFT UP LEFT DOWN DOWN RIGHT RIGHT]
4,39,2025-04-24T18:18:04.096972,Manhattan distance,45,2592840,1.958809312s,[DOWN DOWN RIGHT DOWN LEFT UP LEFT DOWN RIGHT UP LEFT UP UP RIGHT DOWN RIGHT RIGHT DOWN DOWN LEFT UP LEFT UP RIGHT DOWN DOWN LEFT UP UP LEFT DOWN RIGHT RIGHT RIGHT UP LEFT UP LEFT LEFT DOWN DOWN DOWN RIGHT RIGHT RIGHT]
4,39,2025-04-24T18:18:04.096972,Linear Conflict,45,580252,762.070389ms,[DOWN DOWN RIGHT DOWN LEFT LEFT UP RIGHT RIGHT UP RIGHT DOWN DOWN LEFT LEFT LEFT UP UP UP RIGHT DOWN LEFT DOWN RIGHT RIGHT DOWN LEFT UP UP RIGHT DOWN RIGHT UP LEFT UP LEFT LEFT DOWN RIGHT DOWN LEFT DOWN RIGHT RIGHT RIGHT]
4,40,2025-04-24T18:18:04.109117,Manhattan distance,39,18516,7.198222ms,[RIGHT DOWN DOWN LEFT DOWN LEFT UP RIGHT DOWN RIGHT RIGHT UP LEFT UP RIGHT UP LEFT LEFT LEFT DOWN RIGHT RIGHT UP LEFT DOWN DOWN DOWN RIGHT UP UP RIGHT UP LEFT DOWN LEFT DOWN DOWN RIGHT RIGHT]
4,40,2025-04-24T18:18:04.109117,Linear Conflict,39,1322,3.026597ms,[RIGHT DOWN DOWN LEFT DOWN LEFT UP RIGHT DOWN RIGHT RIGHT UP LEFT UP RIGHT UP LEFT LEFT LEFT DOWN RIGHT RIGHT UP LEFT DOWN DOWN DOWN RIGHT UP UP RIGHT UP LEFT DOWN LEFT DOWN DOWN RIGHT RIGHT]
4,41,2025-04-24T18:18:04.110818,Manhattan distance,15,77,39.475µs,[UP LEFT UP LEFT DOWN RIGHT DOWN LEFT UP UP RIGHT RIGHT DOWN RIGHT DOWN]
4,41,2025-04-24T18:18:04.110818,Linear Conflict,15,95,100.912µs,[UP LEFT UP LEFT DOWN RIGHT DOWN LEFT UP UP RIGHT RIGHT DOWN RIGHT DOWN]
4,42,2025-04-24T18:18:08.739316,Manhattan distance,50,5244765,4.24031875s,[UP RIGHT RIGHT RIGHT UP LEFT LEFT DOWN LEFT UP RIGHT DOWN RIGHT RIGHT DOWN DOWN LEFT LEFT LEFT UP RIGHT DOWN LEFT UP UP RIGHT DOWN RIGHT UP UP LEFT DOWN DOWN RIGHT DOWN LEFT LEFT UP UP UP RIGHT RIGHT RIGHT DOWN DOWN DOWN LEFT UP RIGHT DOWN]
4,42,2025-04-24T18:18:08.739316,Linear Conflict,50,300953,376.556323ms,[UP UP RIGHT DOWN DOWN LEFT DOWN RIGHT UP UP LEFT DOWN RIGHT UP RIGHT RIGHT UP LEFT LEFT LEFT DOWN RIGHT RIGHT RIGHT DOWN DOWN LEFT LEFT LEFT UP RIGHT UP UP RIGHT RIGHT DOWN DOWN DOWN LEFT LEFT LEFT UP RIGHT RIGHT UP LEFT DOWN RIGHT RIGHT DOWN]
4,43,2025-04-24T18:18:09.087099,Manhattan distance,37,293508,201.732135ms,[LEFT DOWN LEFT UP UP UP RIGHT DOWN LEFT LEFT UP RIGHT DOWN DOWN LEFT UP UP RIGHT DOWN LEFT DOWN RIGHT RIGHT UP RIGHT DOWN DOWN LEFT UP UP RIGHT DOWN DOWN LEFT UP RIGHT DOWN]
4,43,2025-04-24T18:18:09.087099,Linear Conflict,37,117321,142.789669ms,[LEFT DOWN LEFT UP LEFT UP RIGHT UP RIGHT DOWN LEFT UP LEFT DOWN DOWN RIGHT RIGHT UP RIGHT DOWN DOWN LEFT UP UP LEFT UP LEFT DOWN RIGHT RIGHT RIGHT DOWN DOWN LEFT UP RIGHT DOWN]
4,44,2025-04-24T18:18:11.901046,Manhattan distance,49,2529244,1.889156343s,[RIGHT DOWN DOWN LEFT UP RIGHT RIGHT UP LEFT LEFT DOWN RIGHT RIGHT DOWN LEFT DOWN LEFT LEFT UP UP RIGHT UP LEFT DOWN RIGHT DOWN RIGHT UP LEFT DOWN DOWN RIGHT UP UP RIGHT DOWN LEFT LEFT DOWN LEFT UP UP RIGHT UP RIGHT DOWN DOWN RIGHT DOWN]
4,44,2025-04-24T18:18:11.901046,Linear Conflict,49,727098,920.261207ms,[RIGHT DOWN DOWN LEFT UP RIGHT RIGHT UP LEFT LEFT DOWN RIGHT RIGHT DOWN LEFT DOWN LEFT LEFT UP UP RIGHT UP LEFT DOWN RIGHT DOWN RIGHT UP LEFT DOWN DOWN RIGHT UP UP RIGHT DOWN LEFT LEFT DOWN LEFT UP UP RIGHT UP RIGHT DOWN DOWN RIGHT DOWN]
4,45,2025-04-24T18:18:13.832885,Manhattan distance,56,1356024,912.420282ms,[LEFT UP RIGHT DOWN RIGHT UP UP RIGHT UP LEFT DOWN LEFT LEFT UP RIGHT DOWN DOWN RIGHT RIGHT UP LEFT UP LEFT DOWN RIGHT DOWN DOWN RIGHT UP LEFT DOWN LEFT LEFT UP RIGHT RIGHT DOWN LEFT LEFT UP UP RIGHT DOWN LEFT UP RIGHT RIGHT DOWN DOWN RIGHT UP LEFT LEFT DOWN RIGHT RIGHT]
4,45,2025-04-24T18:18:13.832885,Linear Conflict,56,770240,1.013983052s,[UP UP RIGHT RIGHT DOWN LEFT LEFT LEFT DOWN RIGHT RIGHT RIGHT UP LEFT LEFT UP LEFT UP RIGHT DOWN RIGHT RIGHT UP LEFT DOWN RIGHT DOWN LEFT DOWN LEFT UP LEFT UP RIGHT DOWN RIGHT UP UP LEFT DOWN DOWN LEFT DOWN RIGHT UP RIGHT DOWN LEFT UP LEFT UP RIGHT RIGHT DOWN DOWN RIGHT]
4,46,2025-04-24T18:18:13.835308,Manhattan distance,23,564,284.832µs,[UP RIGHT UP LEFT LEFT UP LEFT DOWN RIGHT DOWN RIGHT UP LEFT UP RIGHT DOWN RIGHT DOWN DOWN LEFT UP RIGHT DOWN]
4,46,2025-04-24T18:18:13.835308,Linear Conflict,23,197,371.888µs,[UP RIGHT UP LEFT LEFT UP LEFT DOWN RIGHT DOWN RIGHT UP LEFT UP RIGHT DOWN RIGHT DOWN DOWN LEFT UP RIGHT DOWN]
4,47,2025-04-24T18:18:13.836847,Manhattan distance,14,24,23.414µs,[RIGHT RIGHT DOWN LEFT UP RIGHT UP LEFT LEFT DOWN DOWN RIGHT DOWN RIGHT]
4,47,2025-04-24T18:18:13.836847,Linear Conflict,14,23,35.197µs,[RIGHT RIGHT DOWN LEFT UP RIGHT UP LEFT LEFT DOWN DOWN RIGHT DOWN RIGHT]
4,48,2025-04-24T18:18:14.540347,Manhattan distance,42,752080,469.998731ms,[LEFT UP LEFT UP RIGHT DOWN LEFT DOWN DOWN RIGHT RIGHT RIGHT UP LEFT UP LEFT UP RIGHT DOWN RIGHT UP LEFT LEFT DOWN RIGHT RIGHT DOWN LEFT DOWN LEFT UP RIGHT DOWN LEFT LEFT UP RIGHT UP RIGHT DOWN RIGHT DOWN]
4,48,2025-04-24T18:18:14.540347,Linear Conflict,42,179000,229.962522ms,[LEFT UP LEFT UP RIGHT DOWN LEFT DOWN DOWN RIGHT RIGHT RIGHT UP LEFT LEFT DOWN RIGHT UP UP LEFT UP RIGHT DOWN RIGHT UP LEFT LEFT DOWN RIGHT RIGHT DOWN LEFT LEFT DOWN LEFT UP RIGHT UP RIGHT DOWN RIGHT DOWN]
4,49,2025-04-24T18:18:21.351561,Manhattan distance,49,5471142,4.438891575s,[UP RIGHT UP RIGHT DOWN DOWN LEFT UP UP LEFT DOWN RIGHT UP LEFT LEFT DOWN DOWN DOWN RIGHT RIGHT RIGHT UP LEFT LEFT UP UP RIGHT DOWN LEFT LEFT DOWN RIGHT DOWN RIGHT UP UP LEFT LEFT DOWN RIGHT DOWN RIGHT UP RIGHT UP LEFT DOWN RIGHT DOWN]
4,49,2025-04-24T18:18:21.351561,Linear Conflict,49,1722199,2.365558593s,[UP RIGHT UP RIGHT DOWN DOWN LEFT UP UP LEFT DOWN RIGHT UP LEFT LEFT DOWN DOWN DOWN RIGHT RIGHT RIGHT UP LEFT LEFT UP UP RIGHT DOWN LEFT LEFT DOWN RIGHT DOWN RIGHT UP UP LEFT LEFT DOWN RIGHT DOWN RIGHT UP RIGHT UP LEFT DOWN RIGHT DOWN]
4,50,2025-04-24T18:18:21.353334,Manhattan distance,19,156,74.241µs,[UP UP RIGHT DOWN DOWN LEFT UP UP UP RIGHT DOWN DOWN DOWN LEFT UP RIGHT DOWN RIGHT RIGHT]
4,50,2025-04-24T18:18:21.353334,Linear Conflict,19,81,79.451µs,[UP UP RIGHT DOWN DOWN LEFT UP UP UP RIGHT DOWN DOWN DOWN LEFT UP RIGHT DOWN RIGHT RIGHT]
5,1,2025-04-24T18:18:33.700368,Manhattan distance,49,14154946,11.883927148s,[RIGHT DOWN LEFT DOWN RIGHT UP LEFT LEFT DOWN RIGHT UP LEFT UP LEFT DOWN DOWN RIGHT RIGHT UP UP RIGHT UP LEFT LEFT DOWN LEFT UP RIGHT DOWN RIGHT RIGHT DOWN LEFT LEFT LEFT UP RIGHT RIGHT UP LEFT DOWN RIGHT DOWN LEFT DOWN RIGHT UP RIGHT DOWN]
5,1,2025-04-24T18:18:33.700368,Linear Conflict,49,349982,440.332177ms,[RIGHT DOWN LEFT DOWN RIGHT UP LEFT LEFT UP LEFT DOWN DOWN RIGHT RIGHT UP UP RIGHT UP LEFT LEFT DOWN LEFT UP RIGHT DOWN RIGHT RIGHT DOWN LEFT LEFT LEFT DOWN RIGHT UP LEFT UP RIGHT RIGHT UP LEFT DOWN RIGHT DOWN DOWN LEFT UP RIGHT RIGHT DOWN]
5,2,2025-04-24T18:18:52.139385,Manhattan distance,54,19917477,17.682381977s,[LEFT UP RIGHT RIGHT UP UP RIGHT DOWN DOWN LEFT UP RIGHT UP LEFT LEFT DOWN LEFT UP RIGHT DOWN RIGHT UP LEFT DOWN DOWN RIGHT UP RIGHT DOWN LEFT DOWN RIGHT UP UP UP LEFT DOWN DOWN DOWN LEFT LEFT UP UP UP RIGHT DOWN RIGHT DOWN RIGHT UP LEFT DOWN DOWN RIGHT]
5,2,2025-04-24T18:18:52.139385,Linear Conflict,54,650782,718.419714ms,[LEFT UP RIGHT RIGHT UP UP RIGHT DOWN DOWN LEFT UP RIGHT UP LEFT LEFT DOWN LEFT UP RIGHT DOWN RIGHT UP LEFT DOWN DOWN RIGHT UP RIGHT DOWN LEFT DOWN RIGHT UP UP UP LEFT DOWN DOWN DOWN LEFT LEFT UP UP UP RIGHT DOWN RIGHT DOWN RIGHT UP LEFT DOWN DOWN RIGHT]
5,3,2025-04-24T18:18:54.907031,Manhattan distance,54,3045385,2.180914511s,[DOWN DOWN LEFT UP UP RIGHT DOWN DOWN LEFT LEFT UP LEFT UP RIGHT UP RIGHT DOWN RIGHT DOWN LEFT LEFT UP UP RIGHT RIGHT DOWN DOWN LEFT DOWN LEFT UP LEFT DOWN RIGHT UP UP LEFT DOWN DOWN RIGHT UP UP UP LEFT DOWN RIGHT RIGHT UP LEFT DOWN RIGHT RIGHT DOWN DOWN]
5,3,2025-04-24T18:18:54.907031,Linear Conflict,54,486061,581.331619ms,[DOWN DOWN LEFT UP UP RIGHT DOWN DOWN LEFT LEFT UP LEFT UP RIGHT UP RIGHT DOWN RIGHT DOWN LEFT LEFT UP UP RIGHT RIGHT DOWN DOWN LEFT DOWN LEFT UP LEFT DOWN RIGHT UP UP LEFT DOWN DOWN RIGHT UP UP UP LEFT DOWN RIGHT RIGHT UP LEFT DOWN RIGHT RIGHT DOWN DOWN]
5,4,2025-04-24T18:19:02.974889,Manhattan distance,50,5155679,4.069257717s,[RIGHT UP LEFT UP RIGHT DOWN LEFT LEFT DOWN DOWN RIGHT UP LEFT LEFT DOWN RIGHT RIGHT RIGHT UP LEFT LEFT DOWN RIGHT RIGHT UP LEFT UP UP LEFT LEFT DOWN RIGHT RIGHT DOWN LEFT LEFT UP RIGHT UP RIGHT DOWN DOWN LEFT DOWN LEFT UP RIGHT DOWN RIGHT RIGHT]
5,4,2025-04-24T18:19:02.974889,Linear Conflict,50,2775355,3.988116356s,[RIGHT UP LEFT UP RIGHT DOWN LEFT LEFT DOWN DOWN RIGHT UP UP UP LEFT LEFT DOWN RIGHT RIGHT DOWN LEFT LEFT DOWN RIGHT RIGHT RIGHT UP LEFT LEFT DOWN RIGHT RIGHT UP LEFT LEFT LEFT UP RIGHT UP RIGHT DOWN DOWN LEFT DOWN LEFT UP RIGHT DOWN RIGHT RIGHT]
5,5,2025-04-24T18:19:03.109021,Manhattan distance,44,151550,75.241663ms,[LEFT DOWN LEFT UP RIGHT DOWN RIGHT RIGHT DOWN LEFT LEFT DOWN LEFT UP UP RIGHT DOWN LEFT DOWN RIGHT UP LEFT UP RIGHT DOWN RIGHT UP LEFT UP RIGHT RIGHT DOWN LEFT LEFT UP RIGHT RIGHT DOWN LEFT LEFT DOWN RIGHT DOWN RIGHT]
5,5,2025-04-24T18:19:03.109021,Linear Conflict,44,50121,56.012615ms,[LEFT DOWN RIGHT RIGHT DOWN LEFT LEFT UP LEFT UP RIGHT DOWN LEFT DOWN RIGHT DOWN LEFT UP RIGHT UP LEFT DOWN DOWN RIGHT UP RIGHT UP LEFT UP RIGHT RIGHT DOWN LEFT LEFT UP RIGHT RIGHT DOWN LEFT LEFT DOWN RIGHT DOWN RIGHT]
5,6,2025-04-24T18:19:30.185639,Manhattan distance,58,25216094,20.59717374s,[RIGHT UP LEFT DOWN RIGHT RIGHT UP UP LEFT LEFT DOWN LEFT DOWN RIGHT RIGHT RIGHT UP UP LEFT UP LEFT DOWN DOWN DOWN RIGHT RIGHT UP UP LEFT LEFT LEFT UP RIGHT RIGHT RIGHT DOWN LEFT LEFT UP RIGHT RIGHT DOWN LEFT LEFT DOWN LEFT UP UP RIGHT DOWN DOWN LEFT DOWN RIGHT UP RIGHT DOWN RIGHT]
5,6,2025-04-24T18:19:30.185639,Linear Conflict,58,4693065,6.457303697s,[RIGHT UP LEFT DOWN RIGHT RIGHT UP UP LEFT LEFT DOWN LEFT DOWN RIGHT RIGHT RIGHT UP UP LEFT UP LEFT DOWN DOWN DOWN RIGHT RIGHT UP UP LEFT LEFT LEFT UP RIGHT RIGHT RIGHT DOWN LEFT LEFT UP RIGHT RIGHT DOWN LEFT LEFT DOWN LEFT UP UP RIGHT DOWN DOWN LEFT DOWN RIGHT UP RIGHT DOWN RIGHT]
5,7,2025-04-24T18:19:30.761849,Manhattan distance,43,529434,339.112208ms,[DOWN RIGHT UP LEFT UP RIGHT DOWN LEFT UP LEFT DOWN RIGHT DOWN LEFT UP RIGHT RIGHT RIGHT UP UP LEFT LEFT DOWN RIGHT DOWN RIGHT UP UP LEFT DOWN LEFT LEFT DOWN RIGHT UP UP LEFT DOWN RIGHT DOWN DOWN RIGHT RIGHT]
5,7,2025-04-24T18:19:30.761849,Linear Conflict,43,160421,234.18171ms,[RIGHT DOWN LEFT UP UP RIGHT RIGHT UP LEFT LEFT LEFT DOWN RIGHT RIGHT DOWN RIGHT UP UP LEFT DOWN DOWN DOWN LEFT UP UP UP RIGHT DOWN DOWN LEFT LEFT UP UP RIGHT DOWN DOWN DOWN LEFT UP RIGHT DOWN RIGHT RIGHT]
5,8,2025-04-24T18:20:16.113591,Manhattan distance,61,43750192,38.505811619s,[LEFT UP RIGHT UP LEFT DOWN RIGHT RIGHT UP LEFT UP RIGHT DOWN LEFT UP LEFT DOWN DOWN LEFT DOWN RIGHT UP RIGHT UP LEFT LEFT DOWN RIGHT RIGHT RIGHT DOWN LEFT LEFT UP UP RIGHT RIGHT DOWN DOWN LEFT UP UP UP LEFT LEFT DOWN RIGHT UP RIGHT RIGHT DOWN DOWN LEFT UP LEFT LEFT DOWN DOWN RIGHT RIGHT RIGHT]
5,8,2025-04-24T18:20:16.113591,Linear Conflict,61,5440328,6.826789684s,[LEFT UP LEFT DOWN RIGHT UP RIGHT UP UP LEFT DOWN DOWN RIGHT RIGHT UP UP LEFT LEFT DOWN LEFT DOWN RIGHT RIGHT RIGHT UP UP LEFT LEFT LEFT DOWN DOWN RIGHT RIGHT RIGHT DOWN LEFT LEFT UP RIGHT UP RIGHT DOWN DOWN LEFT LEFT UP UP UP RIGHT RIGHT DOWN DOWN LEFT UP LEFT LEFT DOWN DOWN RIGHT RIGHT RIGHT]
5,9,2025-04-24T18:20:17.578855,Manhattan distance,47,1769875,1.298146234s,[RIGHT RIGHT DOWN DOWN DOWN LEFT UP RIGHT UP LEFT DOWN RIGHT DOWN LEFT UP LEFT UP UP RIGHT DOWN LEFT DOWN LEFT UP UP RIGHT RIGHT DOWN LEFT DOWN DOWN LEFT UP RIGHT DOWN RIGHT UP UP LEFT DOWN LEFT UP RIGHT RIGHT RIGHT DOWN DOWN]
5,9,2025-04-24T18:20:17.578855,Linear Conflict,47,142413,160.1109ms,[RIGHT RIGHT DOWN DOWN DOWN LEFT UP RIGHT UP LEFT DOWN RIGHT DOWN LEFT UP LEFT UP UP RIGHT DOWN LEFT DOWN LEFT UP UP RIGHT RIGHT DOWN LEFT DOWN DOWN LEFT UP RIGHT DOWN RIGHT UP UP LEFT DOWN LEFT UP RIGHT RIGHT RIGHT DOWN DOWN]
5,10,2025-04-24T18:20:29.681491,Manhattan distance,55,10075345,8.59425905s,[DOWN RIGHT UP UP LEFT DOWN LEFT DOWN RIGHT UP LEFT LEFT DOWN RIGHT DOWN RIGHT UP LEFT DOWN LEFT UP RIGHT RIGHT RIGHT DOWN LEFT LEFT UP UP UP LEFT DOWN DOWN RIGHT RIGHT RIGHT UP LEFT LEFT UP RIGHT RIGHT DOWN LEFT UP LEFT LEFT DOWN DOWN RIGHT UP RIGHT DOWN DOWN RIGHT]
5,10,2025-04-24T18:20:29.681491,Linear Conflict,55,2571531,3.49575016s,[LEFT DOWN DOWN RIGHT UP UP UP LEFT DOWN LEFT DOWN RIGHT DOWN RIGHT UP RIGHT UP UP LEFT LEFT LEFT DOWN RIGHT DOWN RIGHT RIGHT DOWN LEFT LEFT LEFT UP UP RIGHT UP LEFT DOWN DOWN RIGHT RIGHT DOWN LEFT LEFT UP RIGHT UP RIGHT DOWN RIGHT UP UP LEFT DOWN DOWN DOWN RIGHT]
5,11,2025-04-24T18:20:30.941530,Manhattan distance,48,1394870,915.274495ms,[UP RIGHT RIGHT DOWN LEFT UP LEFT LEFT DOWN DOWN DOWN RIGHT UP UP RIGHT DOWN LEFT UP UP RIGHT DOWN LEFT LEFT DOWN DOWN RIGHT UP RIGHT RIGHT UP LEFT LEFT LEFT UP RIGHT RIGHT RIGHT DOWN LEFT LEFT LEFT UP RIGHT RIGHT RIGHT DOWN DOWN DOWN]
5,11,2025-04-24T18:20:30.941530,Linear Conflict,48,308363,341.025615ms,[UP RIGHT RIGHT DOWN LEFT UP LEFT LEFT DOWN DOWN DOWN RIGHT UP RIGHT UP LEFT LEFT DOWN RIGHT RIGHT UP LEFT LEFT DOWN DOWN RIGHT UP RIGHT RIGHT UP LEFT LEFT UP RIGHT RIGHT DOWN LEFT LEFT UP LEFT DOWN RIGHT UP RIGHT DOWN RIGHT DOWN DOWN]
5,12,2025-04-24T18:20:32.174175,Manhattan distance,50,1599861,1.082864042s,[LEFT UP LEFT DOWN LEFT DOWN RIGHT RIGHT RIGHT DOWN LEFT UP UP UP RIGHT DOWN LEFT LEFT UP RIGHT RIGHT DOWN LEFT LEFT LEFT DOWN DOWN RIGHT RIGHT UP UP LEFT UP LEFT DOWN RIGHT UP RIGHT RIGHT DOWN DOWN DOWN LEFT UP LEFT LEFT DOWN RIGHT RIGHT RIGHT]
5,12,2025-04-24T18:20:32.174175,Linear Conflict,50,150253,143.897438ms,[UP LEFT LEFT DOWN LEFT DOWN RIGHT RIGHT RIGHT UP UP LEFT DOWN LEFT DOWN RIGHT RIGHT UP LEFT LEFT LEFT DOWN DOWN RIGHT UP RIGHT RIGHT DOWN LEFT UP UP LEFT UP LEFT DOWN DOWN RIGHT UP LEFT DOWN DOWN RIGHT UP UP UP RIGHT RIGHT DOWN DOWN DOWN]
5,13,2025-04-24T18:20:57.813498,Manhattan distance,60,22178467,18.068202183s,[LEFT DOWN RIGHT UP LEFT DOWN DOWN RIGHT RIGHT UP RIGHT DOWN LEFT UP LEFT DOWN RIGHT UP RIGHT UP LEFT LEFT UP RIGHT RIGHT DOWN LEFT UP LEFT LEFT DOWN DOWN RIGHT UP RIGHT DOWN LEFT UP UP RIGHT DOWN LEFT LEFT DOWN RIGHT DOWN LEFT UP RIGHT DOWN RIGHT UP UP LEFT UP RIGHT RIGHT DOWN DOWN DOWN]
5,13,2025-04-24T18:20:57.813498,Linear Conflict,60,5416650,7.547457016s,[DOWN LEFT UP RIGHT DOWN LEFT DOWN RIGHT RIGHT UP RIGHT DOWN LEFT UP LEFT DOWN RIGHT UP RIGHT UP LEFT LEFT UP RIGHT RIGHT DOWN LEFT UP LEFT LEFT DOWN DOWN RIGHT UP RIGHT DOWN LEFT UP UP RIGHT DOWN LEFT LEFT DOWN RIGHT DOWN LEFT UP RIGHT DOWN RIGHT UP UP LEFT UP RIGHT RIGHT DOWN DOWN DOWN]
5,14,2025-04-24T18:20:59.705180,Manhattan distance,51,1570027,1.071566477s,[UP RIGHT DOWN RIGHT UP RIGHT UP LEFT LEFT LEFT UP RIGHT RIGHT RIGHT DOWN LEFT LEFT DOWN LEFT UP UP RIGHT DOWN RIGHT UP LEFT DOWN DOWN DOWN LEFT UP RIGHT RIGHT RIGHT UP UP LEFT LEFT DOWN RIGHT DOWN DOWN LEFT UP LEFT UP RIGHT DOWN RIGHT RIGHT DOWN]
5,14,2025-04-24T18:20:59.705180,Linear Conflict,51,634282,814.215879ms,[UP RIGHT DOWN RIGHT UP RIGHT UP LEFT LEFT LEFT UP RIGHT RIGHT RIGHT DOWN LEFT LEFT DOWN LEFT UP UP RIGHT DOWN DOWN RIGHT UP UP LEFT DOWN RIGHT DOWN RIGHT UP UP LEFT DOWN DOWN LEFT DOWN LEFT UP UP RIGHT DOWN RIGHT DOWN LEFT UP RIGHT RIGHT DOWN]
5,15,2025-04-24T18:21:00.299885,Manhattan distance,43,609482,397.435174ms,[RIGHT UP RIGHT UP LEFT LEFT DOWN DOWN DOWN RIGHT UP UP LEFT LEFT UP RIGHT RIGHT DOWN LEFT UP LEFT DOWN RIGHT DOWN DOWN LEFT UP RIGHT RIGHT RIGHT DOWN LEFT LEFT UP RIGHT DOWN RIGHT UP UP LEFT DOWN DOWN RIGHT]
5,15,2025-04-24T18:21:00.299885,Linear Conflict,43,156406,193.879353ms,[RIGHT RIGHT UP UP LEFT LEFT DOWN DOWN DOWN RIGHT UP RIGHT UP LEFT LEFT LEFT UP RIGHT RIGHT DOWN LEFT UP LEFT DOWN RIGHT DOWN DOWN LEFT UP RIGHT RIGHT DOWN LEFT UP RIGHT DOWN RIGHT UP UP LEFT DOWN RIGHT DOWN]
5,16,2025-04-24T18:21:02.829305,Manhattan distance,50,2677307,2.086281898s,[RIGHT UP LEFT UP LEFT UP RIGHT DOWN DOWN LEFT UP RIGHT DOWN DOWN LEFT UP UP RIGHT RIGHT DOWN RIGHT UP LEFT UP RIGHT DOWN DOWN DOWN LEFT UP LEFT UP RIGHT RIGHT DOWN LEFT DOWN LEFT UP UP RIGHT UP LEFT LEFT DOWN RIGHT DOWN RIGHT DOWN RIGHT]
5,16,2025-04-24T18:21:02.829305,Linear Conflict,50,342167,438.791237ms,[UP UP LEFT UP RIGHT DOWN DOWN LEFT UP RIGHT DOWN RIGHT RIGHT DOWN LEFT LEFT LEFT UP UP RIGHT RIGHT DOWN DOWN LEFT UP UP RIGHT DOWN DOWN LEFT UP UP UP RIGHT DOWN RIGHT UP LEFT LEFT DOWN RIGHT UP LEFT LEFT DOWN RIGHT RIGHT RIGHT DOWN DOWN]
5,17,2025-04-24T18:21:04.145760,Manhattan distance,50,1358116,904.761592ms,[LEFT DOWN DOWN LEFT UP LEFT UP RIGHT RIGHT RIGHT DOWN LEFT LEFT UP RIGHT RIGHT UP LEFT DOWN RIGHT DOWN LEFT DOWN LEFT UP LEFT UP RIGHT UP LEFT DOWN RIGHT RIGHT RIGHT DOWN LEFT LEFT LEFT DOWN RIGHT UP LEFT UP RIGHT RIGHT UP RIGHT DOWN DOWN DOWN]
5,17,2025-04-24T18:21:04.145760,Linear Conflict,50,358654,407.850369ms,[DOWN DOWN LEFT LEFT UP RIGHT DOWN RIGHT UP LEFT DOWN LEFT UP UP LEFT DOWN DOWN RIGHT UP UP LEFT UP RIGHT DOWN RIGHT UP RIGHT DOWN LEFT UP LEFT DOWN LEFT UP RIGHT DOWN RIGHT RIGHT UP LEFT DOWN DOWN LEFT LEFT UP RIGHT RIGHT RIGHT DOWN DOWN]
5,18,2025-04-24T18:21:13.520370,Manhattan distance,55,10533431,8.660636147s,[LEFT UP UP RIGHT DOWN DOWN LEFT UP LEFT DOWN DOWN RIGHT UP UP LEFT LEFT DOWN RIGHT RIGHT UP LEFT UP RIGHT RIGHT DOWN LEFT LEFT LEFT UP RIGHT DOWN LEFT DOWN RIGHT DOWN RIGHT RIGHT UP UP LEFT LEFT UP RIGHT DOWN LEFT LEFT UP RIGHT DOWN DOWN LEFT DOWN RIGHT RIGHT RIGHT]
5,18,2025-04-24T18:21:13.520370,Linear Conflict,55,597108,693.309999ms,[LEFT UP UP RIGHT DOWN DOWN LEFT LEFT UP LEFT DOWN RIGHT DOWN RIGHT UP UP LEFT UP RIGHT RIGHT DOWN LEFT LEFT LEFT UP RIGHT RIGHT DOWN LEFT LEFT UP RIGHT DOWN DOWN DOWN RIGHT UP UP UP LEFT DOWN DOWN DOWN RIGHT RIGHT UP UP LEFT DOWN LEFT LEFT DOWN RIGHT RIGHT RIGHT]
5,19,2025-04-24T18:21:15.731596,Manhattan distance,48,2533010,1.817363372s,[LEFT DOWN LEFT UP RIGHT DOWN RIGHT DOWN LEFT DOWN LEFT UP UP RIGHT DOWN RIGHT RIGHT DOWN LEFT UP RIGHT UP LEFT DOWN DOWN RIGHT UP UP UP LEFT LEFT LEFT DOWN RIGHT DOWN DOWN LEFT UP UP RIGHT RIGHT RIGHT UP LEFT DOWN DOWN DOWN RIGHT]
5,19,2025-04-24T18:21:15.731596,Linear Conflict,48,333975,386.418542ms,[DOWN LEFT UP RIGHT DOWN DOWN LEFT DOWN RIGHT RIGHT UP UP LEFT LEFT LEFT UP RIGHT RIGHT DOWN LEFT DOWN RIGHT DOWN RIGHT UP UP LEFT UP RIGHT DOWN LEFT DOWN DOWN LEFT LEFT UP UP RIGHT DOWN DOWN LEFT UP UP RIGHT RIGHT DOWN DOWN RIGHT]
5,20,2025-04-24T18:21:23.020556,Manhattan distance,52,5604159,4.473565404s,[DOWN RIGHT UP RIGHT RIGHT DOWN LEFT LEFT LEFT UP RIGHT RIGHT RIGHT UP LEFT LEFT DOWN RIGHT UP UP LEFT DOWN LEFT UP RIGHT DOWN DOWN DOWN RIGHT UP UP UP LEFT DOWN LEFT DOWN RIGHT RIGHT UP RIGHT UP LEFT DOWN RIGHT DOWN DOWN LEFT LEFT UP RIGHT DOWN RIGHT]
5,20,2025-04-24T18:21:23.020556,Linear Conflict,52,1972782,2.803049667s,[DOWN RIGHT UP RIGHT RIGHT DOWN LEFT LEFT LEFT UP RIGHT RIGHT RIGHT UP LEFT LEFT DOWN RIGHT UP UP LEFT DOWN LEFT UP RIGHT DOWN DOWN DOWN RIGHT UP UP UP LEFT DOWN LEFT DOWN RIGHT RIGHT UP RIGHT UP LEFT DOWN RIGHT DOWN DOWN LEFT LEFT UP RIGHT DOWN RIGHT]
5,21,2025-04-24T18:21:27.665148,Manhattan distance,48,4232020,3.347684084s,[RIGHT RIGHT DOWN RIGHT UP LEFT DOWN DOWN DOWN LEFT UP UP UP RIGHT DOWN LEFT LEFT UP RIGHT RIGHT RIGHT DOWN LEFT DOWN LEFT UP LEFT UP RIGHT RIGHT DOWN DOWN DOWN RIGHT UP UP LEFT DOWN DOWN RIGHT UP LEFT LEFT UP RIGHT RIGHT DOWN DOWN]
5,21,2025-04-24T18:21:27.665148,Linear Conflict,48,973310,1.289220284s,[RIGHT RIGHT DOWN RIGHT UP LEFT DOWN DOWN DOWN LEFT UP UP UP RIGHT DOWN LEFT LEFT UP RIGHT RIGHT RIGHT DOWN LEFT DOWN LEFT UP LEFT UP RIGHT RIGHT DOWN DOWN DOWN RIGHT UP UP LEFT DOWN DOWN RIGHT UP LEFT LEFT UP RIGHT RIGHT DOWN DOWN]
5,22,2025-04-24T18:21:37.533624,Manhattan distance,55,10019068,8.235021349s,[RIGHT UP UP LEFT LEFT LEFT DOWN DOWN RIGHT RIGHT UP UP LEFT UP RIGHT RIGHT DOWN DOWN DOWN LEFT UP LEFT DOWN LEFT UP RIGHT UP UP LEFT DOWN DOWN DOWN RIGHT UP UP UP RIGHT DOWN LEFT UP LEFT DOWN DOWN RIGHT RIGHT UP RIGHT UP LEFT LEFT DOWN RIGHT RIGHT DOWN DOWN]
5,22,2025-04-24T18:21:37.533624,Linear Conflict,55,1261373,1.624174121s,[RIGHT UP UP LEFT LEFT UP LEFT DOWN DOWN DOWN RIGHT RIGHT UP UP UP RIGHT DOWN DOWN DOWN LEFT UP LEFT DOWN LEFT UP RIGHT UP RIGHT UP LEFT LEFT DOWN DOWN DOWN RIGHT UP UP RIGHT UP LEFT LEFT DOWN DOWN RIGHT RIGHT UP RIGHT UP LEFT LEFT DOWN RIGHT RIGHT DOWN DOWN]
5,23,2025-04-24T18:21:43.893382,Manhattan distance,53,7153243,5.510807017s,[DOWN RIGHT UP RIGHT RIGHT DOWN DOWN LEFT LEFT UP UP LEFT DOWN DOWN RIGHT UP RIGHT RIGHT UP UP LEFT DOWN DOWN RIGHT DOWN LEFT UP LEFT UP UP LEFT DOWN DOWN RIGHT UP UP RIGHT DOWN LEFT LEFT UP RIGHT RIGHT RIGHT DOWN DOWN LEFT UP UP RIGHT DOWN DOWN DOWN]
5,23,2025-04-24T18:21:43.893382,Linear Conflict,53,716177,832.263704ms,[DOWN RIGHT UP RIGHT RIGHT DOWN DOWN LEFT UP RIGHT UP UP LEFT DOWN DOWN RIGHT DOWN LEFT LEFT UP UP LEFT DOWN DOWN RIGHT UP UP UP LEFT DOWN DOWN RIGHT UP UP RIGHT DOWN LEFT LEFT UP RIGHT RIGHT RIGHT DOWN DOWN DOWN LEFT UP UP UP RIGHT DOWN DOWN DOWN]
5,24,2025-04-24T18:21:48.625015,Manhattan distance,53,4913281,3.866014189s,[DOWN LEFT UP UP RIGHT UP RIGHT DOWN RIGHT DOWN LEFT LEFT UP RIGHT DOWN DOWN LEFT UP LEFT UP UP RIGHT RIGHT DOWN DOWN RIGHT UP LEFT DOWN DOWN LEFT LEFT UP UP RIGHT UP RIGHT DOWN RIGHT DOWN LEFT LEFT DOWN LEFT UP UP UP RIGHT RIGHT DOWN RIGHT DOWN DOWN]
5,24,2025-04-24T18:21:48.625015,Linear Conflict,53,671285,854.07022ms,[DOWN LEFT UP UP RIGHT RIGHT DOWN LEFT UP UP RIGHT DOWN DOWN LEFT UP RIGHT RIGHT DOWN DOWN LEFT LEFT UP LEFT UP UP RIGHT DOWN RIGHT DOWN DOWN RIGHT UP LEFT DOWN LEFT LEFT UP UP RIGHT RIGHT DOWN LEFT DOWN LEFT UP UP UP RIGHT RIGHT DOWN RIGHT DOWN DOWN]
5,25,2025-04-24T18:21:51.978809,Manhattan distance,51,3490834,2.561087245s,[UP UP LEFT DOWN LEFT LEFT DOWN DOWN RIGHT RIGHT RIGHT UP LEFT UP LEFT LEFT UP RIGHT RIGHT DOWN RIGHT UP LEFT DOWN LEFT DOWN LEFT UP UP RIGHT RIGHT DOWN LEFT DOWN DOWN LEFT UP RIGHT RIGHT UP LEFT LEFT UP RIGHT RIGHT DOWN RIGHT DOWN LEFT DOWN RIGHT]
5,25,2025-04-24T18:21:51.978809,Linear Conflict,51,613504,787.422806ms,[UP UP LEFT DOWN LEFT LEFT DOWN DOWN RIGHT RIGHT RIGHT UP LEFT UP LEFT LEFT UP RIGHT RIGHT DOWN RIGHT UP LEFT DOWN LEFT DOWN LEFT UP UP RIGHT RIGHT DOWN LEFT DOWN DOWN LEFT UP RIGHT RIGHT UP LEFT LEFT UP RIGHT RIGHT DOWN RIGHT DOWN LEFT DOWN RIGHT]
5,26,2025-04-24T18:21:52.014279,Manhattan distance,41,37334,21.855233ms,[LEFT LEFT UP UP RIGHT RIGHT DOWN LEFT LEFT UP RIGHT RIGHT RIGHT UP LEFT LEFT DOWN RIGHT RIGHT DOWN LEFT LEFT DOWN RIGHT RIGHT UP LEFT LEFT UP LEFT UP RIGHT DOWN RIGHT UP RIGHT DOWN DOWN LEFT DOWN RIGHT]
5,26,2025-04-24T18:21:52.014279,Linear Conflict,41,11037,11.248025ms,[LEFT LEFT UP UP RIGHT RIGHT DOWN LEFT LEFT UP RIGHT RIGHT RIGHT UP LEFT LEFT DOWN RIGHT RIGHT DOWN LEFT LEFT DOWN RIGHT RIGHT UP LEFT LEFT UP LEFT UP RIGHT DOWN RIGHT UP RIGHT DOWN DOWN LEFT DOWN RIGHT]
5,27,2025-04-24T18:21:52.620250,Manhattan distance,45,804178,473.955521ms,[UP RIGHT RIGHT RIGHT DOWN LEFT UP UP RIGHT UP LEFT LEFT DOWN LEFT DOWN RIGHT DOWN RIGHT UP UP LEFT LEFT UP RIGHT RIGHT DOWN RIGHT DOWN DOWN LEFT LEFT LEFT UP UP RIGHT RIGHT UP RIGHT DOWN DOWN LEFT LEFT DOWN RIGHT RIGHT]
5,27,2025-04-24T18:21:52.620250,Linear Conflict,45,114115,129.210968ms,[UP RIGHT RIGHT UP RIGHT DOWN DOWN LEFT UP UP RIGHT UP LEFT LEFT DOWN RIGHT RIGHT DOWN DOWN LEFT LEFT UP UP LEFT DOWN DOWN RIGHT UP UP LEFT UP RIGHT RIGHT RIGHT DOWN DOWN LEFT LEFT LEFT UP RIGHT RIGHT DOWN DOWN RIGHT]
5,28,2025-04-24T18:21:54.894540,Manhattan distance,47,2650759,1.91238461s,[LEFT DOWN RIGHT DOWN RIGHT DOWN RIGHT UP UP UP LEFT DOWN LEFT DOWN DOWN RIGHT RIGHT UP LEFT UP LEFT DOWN DOWN LEFT UP RIGHT DOWN RIGHT RIGHT UP LEFT LEFT DOWN LEFT UP UP UP RIGHT DOWN LEFT UP RIGHT RIGHT DOWN DOWN DOWN RIGHT]
5,28,2025-04-24T18:21:54.894540,Linear Conflict,47,302001,357.254575ms,[DOWN RIGHT DOWN RIGHT UP UP LEFT DOWN DOWN DOWN RIGHT UP LEFT LEFT DOWN RIGHT RIGHT UP LEFT LEFT LEFT DOWN RIGHT UP LEFT UP RIGHT UP LEFT DOWN RIGHT DOWN RIGHT UP LEFT DOWN LEFT UP RIGHT UP LEFT DOWN RIGHT DOWN RIGHT DOWN RIGHT]
5,29,2025-04-24T18:22:54.295764,Manhattan distance,61,47966946,41.392317062s,[DOWN DOWN DOWN LEFT UP UP RIGHT RIGHT RIGHT DOWN LEFT UP UP LEFT LEFT DOWN RIGHT DOWN DOWN RIGHT UP UP RIGHT UP LEFT LEFT DOWN RIGHT RIGHT DOWN DOWN LEFT LEFT LEFT UP UP RIGHT RIGHT UP LEFT LEFT DOWN RIGHT DOWN DOWN LEFT UP RIGHT RIGHT UP RIGHT UP LEFT LEFT DOWN RIGHT RIGHT DOWN LEFT DOWN RIGHT]
5,29,2025-04-24T18:22:54.295764,Linear Conflict,61,12744717,17.95994853s,[DOWN DOWN DOWN LEFT UP UP RIGHT RIGHT RIGHT DOWN LEFT UP UP LEFT LEFT DOWN RIGHT DOWN DOWN RIGHT UP UP RIGHT UP LEFT LEFT DOWN RIGHT RIGHT DOWN DOWN LEFT LEFT LEFT UP UP RIGHT RIGHT UP LEFT LEFT DOWN RIGHT DOWN DOWN LEFT UP RIGHT RIGHT UP RIGHT UP LEFT LEFT DOWN RIGHT RIGHT DOWN LEFT DOWN RIGHT]
5,30,2025-04-24T18:22:55.175145,Manhattan distance,50,1001529,696.508769ms,[DOWN DOWN LEFT UP UP RIGHT DOWN DOWN LEFT UP LEFT UP RIGHT DOWN LEFT DOWN RIGHT DOWN LEFT UP RIGHT RIGHT DOWN LEFT UP UP RIGHT DOWN RIGHT DOWN LEFT LEFT UP UP UP RIGHT DOWN RIGHT DOWN DOWN LEFT UP UP LEFT UP RIGHT RIGHT DOWN DOWN DOWN]
5,30,2025-04-24T18:22:55.175145,Linear Conflict,50,161433,179.599381ms,[DOWN DOWN DOWN LEFT LEFT UP RIGHT UP UP RIGHT DOWN DOWN LEFT DOWN RIGHT UP RIGHT DOWN LEFT UP LEFT UP LEFT UP RIGHT RIGHT DOWN RIGHT DOWN LEFT UP LEFT LEFT DOWN DOWN RIGHT UP UP LEFT DOWN DOWN RIGHT UP UP UP RIGHT RIGHT DOWN DOWN DOWN]
5,31,2025-04-24T18:22:55.202360,Manhattan distance,37,34748,15.914551ms,[UP LEFT UP LEFT DOWN LEFT DOWN RIGHT RIGHT RIGHT DOWN LEFT UP UP UP LEFT DOWN LEFT DOWN RIGHT DOWN LEFT UP RIGHT UP RIGHT UP RIGHT DOWN LEFT UP LEFT DOWN RIGHT RIGHT DOWN DOWN]
5,31,2025-04-24T18:22:55.202360,Linear Conflict,37,8829,9.424587ms,[UP LEFT LEFT UP RIGHT RIGHT DOWN LEFT LEFT UP RIGHT DOWN LEFT LEFT DOWN RIGHT RIGHT RIGHT DOWN LEFT UP UP LEFT LEFT DOWN RIGHT DOWN LEFT UP RIGHT UP UP RIGHT DOWN RIGHT DOWN DOWN]
5,32,2025-04-24T18:22:56.387130,Manhattan distance,48,1464220,975.366117ms,[RIGHT RIGHT UP LEFT LEFT DOWN RIGHT UP LEFT UP RIGHT DOWN RIGHT UP LEFT UP RIGHT DOWN LEFT LEFT LEFT UP RIGHT RIGHT DOWN LEFT LEFT DOWN DOWN RIGHT UP UP LEFT UP RIGHT RIGHT RIGHT DOWN LEFT DOWN LEFT UP LEFT DOWN DOWN RIGHT RIGHT RIGHT]
5,32,2025-04-24T18:22:56.387130,Linear Conflict,48,172321,204.014625ms,[RIGHT RIGHT UP UP LEFT UP RIGHT DOWN LEFT DOWN LEFT DOWN RIGHT UP LEFT UP LEFT UP RIGHT RIGHT DOWN LEFT LEFT DOWN DOWN RIGHT UP UP LEFT UP RIGHT RIGHT RIGHT DOWN LEFT DOWN LEFT UP UP RIGHT DOWN LEFT LEFT DOWN DOWN RIGHT RIGHT RIGHT]
5,33,2025-04-24T18:22:58.520849,Manhattan distance,51,2447431,1.718366177s,[DOWN LEFT DOWN DOWN RIGHT UP RIGHT RIGHT DOWN LEFT LEFT UP UP LEFT UP RIGHT DOWN RIGHT RIGHT DOWN DOWN LEFT UP LEFT LEFT DOWN RIGHT RIGHT UP UP UP LEFT DOWN LEFT UP RIGHT DOWN LEFT DOWN DOWN RIGHT UP RIGHT UP RIGHT DOWN DOWN LEFT UP RIGHT DOWN]
5,33,2025-04-24T18:22:58.520849,Linear Conflict,51,352349,410.775635ms,[DOWN RIGHT UP LEFT DOWN DOWN RIGHT RIGHT DOWN LEFT UP UP LEFT LEFT DOWN DOWN RIGHT RIGHT UP LEFT LEFT DOWN RIGHT UP RIGHT UP RIGHT DOWN DOWN LEFT UP UP LEFT LEFT UP RIGHT DOWN LEFT DOWN RIGHT RIGHT UP UP LEFT DOWN RIGHT RIGHT DOWN LEFT DOWN RIGHT]
5,34,2025-04-24T18:23:00.454837,Manhattan distance,50,2316724,1.5970004s,[RIGHT DOWN LEFT LEFT UP RIGHT RIGHT DOWN LEFT DOWN RIGHT UP LEFT LEFT LEFT UP RIGHT DOWN LEFT DOWN RIGHT RIGHT UP LEFT DOWN DOWN LEFT UP UP RIGHT UP RIGHT RIGHT DOWN DOWN LEFT DOWN LEFT LEFT UP RIGHT RIGHT DOWN RIGHT UP UP LEFT DOWN DOWN RIGHT]
5,34,2025-04-24T18:23:00.454837,Linear Conflict,50,296915,330.070975ms,[RIGHT DOWN LEFT LEFT UP RIGHT RIGHT DOWN LEFT DOWN RIGHT UP LEFT LEFT LEFT UP RIGHT DOWN LEFT DOWN RIGHT RIGHT UP LEFT DOWN DOWN LEFT UP UP RIGHT UP RIGHT RIGHT DOWN DOWN LEFT DOWN LEFT LEFT UP RIGHT RIGHT DOWN RIGHT UP UP LEFT DOWN DOWN RIGHT]
5,35,2025-04-24T18:23:05.981392,Manhattan distance,54,4886721,3.913502018s,[RIGHT DOWN DOWN LEFT DOWN LEFT LEFT UP RIGHT UP UP LEFT DOWN DOWN RIGHT DOWN LEFT UP RIGHT UP UP RIGHT RIGHT DOWN DOWN DOWN LEFT LEFT UP RIGHT RIGHT UP LEFT LEFT UP LEFT DOWN DOWN DOWN RIGHT UP UP LEFT DOWN RIGHT RIGHT UP LEFT UP RIGHT DOWN DOWN RIGHT DOWN]
5,35,2025-04-24T18:23:05.981392,Linear Conflict,54,1238520,1.605727029s,[LEFT LEFT DOWN RIGHT DOWN DOWN RIGHT UP LEFT LEFT DOWN RIGHT UP LEFT UP RIGHT UP RIGHT RIGHT DOWN DOWN DOWN LEFT UP LEFT UP UP RIGHT RIGHT DOWN LEFT DOWN LEFT UP UP LEFT DOWN DOWN RIGHT UP UP RIGHT DOWN DOWN RIGHT DOWN LEFT LEFT LEFT UP RIGHT RIGHT RIGHT DOWN]
5,36,2025-04-24T18:23:07.194628,Manhattan distance,52,1367325,873.211292ms,[LEFT UP LEFT DOWN RIGHT DOWN RIGHT UP UP LEFT LEFT UP RIGHT RIGHT DOWN RIGHT UP LEFT DOWN LEFT DOWN LEFT UP RIGHT UP RIGHT DOWN DOWN DOWN LEFT LEFT UP RIGHT RIGHT RIGHT UP LEFT DOWN DOWN LEFT UP UP UP RIGHT DOWN DOWN RIGHT DOWN LEFT UP RIGHT DOWN]
5,36,2025-04-24T18:23:07.194628,Linear Conflict,52,291232,335.786322ms,[UP LEFT LEFT DOWN RIGHT DOWN LEFT UP UP UP RIGHT RIGHT RIGHT DOWN DOWN LEFT UP UP LEFT DOWN DOWN LEFT UP RIGHT DOWN RIGHT UP UP LEFT DOWN RIGHT RIGHT UP LEFT DOWN RIGHT DOWN LEFT DOWN LEFT LEFT UP RIGHT UP RIGHT DOWN RIGHT DOWN LEFT UP RIGHT DOWN]
5,37,2025-04-24T18:23:11.458922,Manhattan distance,52,5130388,4.105652964s,[RIGHT DOWN RIGHT DOWN LEFT UP RIGHT UP LEFT UP RIGHT DOWN LEFT DOWN LEFT UP UP RIGHT DOWN DOWN DOWN LEFT UP UP LEFT DOWN DOWN RIGHT UP UP UP RIGHT DOWN DOWN DOWN RIGHT UP UP UP LEFT DOWN LEFT LEFT DOWN RIGHT RIGHT UP LEFT DOWN RIGHT DOWN RIGHT]
5,37,2025-04-24T18:23:11.458922,Linear Conflict,52,145143,147.856819ms,[RIGHT DOWN RIGHT DOWN LEFT UP RIGHT UP LEFT UP RIGHT DOWN LEFT DOWN LEFT UP UP RIGHT DOWN DOWN DOWN LEFT UP UP LEFT DOWN DOWN RIGHT UP UP UP RIGHT DOWN DOWN DOWN RIGHT UP UP UP LEFT DOWN LEFT LEFT DOWN RIGHT RIGHT UP LEFT DOWN RIGHT DOWN RIGHT]
5,39,2025-04-24T19:55:59.392833,Manhattan distance,56,57597481,1m1.973857631s,[DOWN DOWN DOWN LEFT LEFT UP RIGHT UP LEFT UP RIGHT RIGHT DOWN DOWN LEFT UP UP RIGHT DOWN RIGHT DOWN LEFT LEFT UP LEFT UP RIGHT RIGHT DOWN RIGHT DOWN LEFT LEFT DOWN RIGHT RIGHT UP LEFT LEFT UP RIGHT DOWN DOWN LEFT UP LEFT UP RIGHT UP LEFT DOWN RIGHT RIGHT DOWN DOWN RIGHT]
5,39,2025-04-24T19:55:59.392833,Linear Conflict,56,10538225,16.551650241s,[DOWN DOWN DOWN LEFT LEFT UP RIGHT UP LEFT UP RIGHT RIGHT DOWN DOWN LEFT UP UP RIGHT DOWN RIGHT DOWN LEFT LEFT UP LEFT UP RIGHT RIGHT DOWN RIGHT DOWN LEFT LEFT DOWN RIGHT RIGHT UP LEFT LEFT UP RIGHT DOWN DOWN LEFT UP LEFT UP RIGHT UP LEFT DOWN RIGHT RIGHT DOWN DOWN RIGHT]
5,40,2025-04-24T19:56:03.165844,Manhattan distance,53,2832714,2.153337037s,[UP UP RIGHT DOWN DOWN LEFT UP RIGHT RIGHT RIGHT UP UP LEFT DOWN LEFT LEFT DOWN RIGHT RIGHT DOWN LEFT UP RIGHT RIGHT UP UP LEFT LEFT LEFT DOWN RIGHT UP RIGHT DOWN LEFT DOWN RIGHT UP RIGHT UP LEFT LEFT DOWN LEFT DOWN RIGHT DOWN LEFT UP RIGHT RIGHT RIGHT DOWN]
5,40,2025-04-24T19:56:03.165844,Linear Conflict,53,1178560,1.607739127s,[UP UP UP RIGHT DOWN DOWN DOWN LEFT UP RIGHT RIGHT RIGHT UP UP LEFT LEFT DOWN LEFT DOWN RIGHT RIGHT DOWN LEFT UP RIGHT RIGHT UP LEFT LEFT DOWN RIGHT UP UP LEFT LEFT DOWN DOWN RIGHT DOWN LEFT UP RIGHT RIGHT RIGHT UP UP LEFT LEFT DOWN RIGHT RIGHT DOWN DOWN]
5,41,2025-04-24T19:56:04.102274,Manhattan distance,48,1207637,881.021511ms,[RIGHT DOWN LEFT LEFT UP UP UP RIGHT RIGHT DOWN LEFT UP RIGHT DOWN DOWN LEFT LEFT UP LEFT DOWN DOWN RIGHT UP UP RIGHT DOWN LEFT UP UP LEFT DOWN DOWN DOWN RIGHT UP UP UP LEFT DOWN RIGHT RIGHT UP LEFT DOWN RIGHT DOWN DOWN RIGHT]
5,41,2025-04-24T19:56:04.102274,Linear Conflict,48,49015,48.834265ms,[RIGHT DOWN LEFT LEFT UP UP UP RIGHT RIGHT DOWN LEFT UP RIGHT DOWN DOWN LEFT LEFT UP LEFT DOWN DOWN RIGHT UP UP RIGHT DOWN LEFT UP UP LEFT DOWN DOWN DOWN RIGHT UP UP UP LEFT DOWN RIGHT RIGHT UP LEFT DOWN RIGHT DOWN DOWN RIGHT]
5,42,2025-04-24T19:56:24.860545,Manhattan distance,57,18626310,17.302768204s,[UP RIGHT RIGHT UP UP LEFT DOWN DOWN DOWN RIGHT UP UP RIGHT DOWN DOWN LEFT UP UP UP LEFT DOWN DOWN DOWN RIGHT UP UP LEFT LEFT UP RIGHT RIGHT DOWN RIGHT DOWN LEFT LEFT LEFT UP RIGHT RIGHT RIGHT UP LEFT LEFT LEFT DOWN RIGHT RIGHT DOWN DOWN LEFT LEFT UP RIGHT DOWN RIGHT RIGHT]
5,42,2025-04-24T19:56:24.860545,Linear Conflict,57,2520294,3.407825231s,[UP RIGHT RIGHT UP UP LEFT DOWN DOWN DOWN RIGHT UP UP RIGHT DOWN DOWN LEFT UP UP UP LEFT DOWN DOWN DOWN RIGHT UP UP LEFT LEFT UP RIGHT RIGHT DOWN RIGHT DOWN LEFT LEFT LEFT UP RIGHT RIGHT RIGHT UP LEFT LEFT LEFT DOWN RIGHT RIGHT DOWN DOWN LEFT LEFT UP RIGHT DOWN RIGHT RIGHT]
5,43,2025-04-24T19:56:25.366004,Manhattan distance,48,677682,420.343033ms,[UP LEFT UP RIGHT DOWN RIGHT UP UP RIGHT DOWN DOWN LEFT DOWN RIGHT UP LEFT UP UP LEFT DOWN LEFT UP RIGHT DOWN RIGHT RIGHT UP LEFT DOWN RIGHT DOWN LEFT LEFT LEFT UP RIGHT RIGHT DOWN DOWN LEFT LEFT UP UP RIGHT RIGHT DOWN DOWN RIGHT]
5,43,2025-04-24T19:56:25.366004,Linear Conflict,48,77123,81.862068ms,[UP LEFT UP RIGHT DOWN RIGHT UP UP RIGHT DOWN DOWN LEFT DOWN RIGHT UP LEFT UP UP LEFT DOWN LEFT UP RIGHT DOWN RIGHT RIGHT UP LEFT DOWN RIGHT DOWN LEFT LEFT LEFT UP RIGHT RIGHT DOWN DOWN LEFT LEFT UP UP RIGHT RIGHT DOWN DOWN RIGHT]
5,44,2025-04-24T19:56:30.709938,Manhattan distance,53,5948785,4.987539979s,[RIGHT UP UP LEFT UP RIGHT DOWN LEFT DOWN DOWN LEFT UP LEFT UP UP RIGHT RIGHT DOWN DOWN RIGHT DOWN LEFT UP LEFT UP LEFT UP RIGHT RIGHT DOWN RIGHT DOWN LEFT UP LEFT DOWN DOWN RIGHT UP LEFT DOWN LEFT UP RIGHT DOWN RIGHT RIGHT UP UP LEFT DOWN RIGHT DOWN]
5,44,2025-04-24T19:56:30.709938,Linear Conflict,53,282944,332.564912ms,[RIGHT UP UP LEFT UP RIGHT DOWN LEFT DOWN DOWN LEFT UP LEFT UP UP RIGHT RIGHT DOWN DOWN RIGHT DOWN LEFT UP LEFT UP LEFT UP RIGHT RIGHT DOWN RIGHT DOWN LEFT UP LEFT DOWN DOWN RIGHT UP LEFT DOWN LEFT UP RIGHT DOWN RIGHT RIGHT UP UP LEFT DOWN RIGHT DOWN]
5,47,2025-04-24T22:44:28.040521,Manhattan distance,52,3211232,2.592497871s,[DOWN LEFT LEFT UP RIGHT RIGHT RIGHT DOWN LEFT UP UP LEFT LEFT UP RIGHT RIGHT RIGHT DOWN LEFT LEFT LEFT DOWN RIGHT RIGHT RIGHT UP LEFT LEFT LEFT DOWN RIGHT RIGHT UP LEFT UP RIGHT RIGHT DOWN DOWN LEFT DOWN LEFT UP UP UP LEFT DOWN DOWN RIGHT RIGHT DOWN RIGHT]
5,47,2025-04-24T22:44:28.040521,Linear Conflict,52,504303,653.356475ms,[UP LEFT LEFT UP RIGHT RIGHT RIGHT DOWN LEFT LEFT DOWN RIGHT RIGHT UP LEFT LEFT DOWN DOWN RIGHT UP LEFT DOWN LEFT UP UP RIGHT DOWN LEFT UP RIGHT UP RIGHT RIGHT DOWN DOWN LEFT LEFT UP UP LEFT DOWN DOWN RIGHT DOWN RIGHT RIGHT UP LEFT LEFT DOWN RIGHT RIGHT]
5,48,2025-04-24T22:44:28.361442,Manhattan distance,45,298025,183.436944ms,[UP UP RIGHT DOWN DOWN LEFT UP LEFT UP LEFT UP RIGHT DOWN RIGHT RIGHT DOWN LEFT LEFT LEFT UP RIGHT RIGHT DOWN LEFT LEFT UP RIGHT RIGHT RIGHT DOWN LEFT UP UP RIGHT DOWN LEFT UP LEFT LEFT DOWN RIGHT RIGHT DOWN DOWN RIGHT]
5,48,2025-04-24T22:44:28.361442,Linear Conflict,45,80442,130.50566ms,[UP UP RIGHT DOWN DOWN LEFT UP LEFT UP LEFT UP RIGHT DOWN RIGHT RIGHT DOWN LEFT LEFT LEFT UP RIGHT RIGHT DOWN LEFT LEFT UP RIGHT RIGHT RIGHT DOWN LEFT UP UP RIGHT DOWN LEFT UP LEFT LEFT DOWN RIGHT RIGHT DOWN DOWN RIGHT]
5,49,2025-04-24T22:44:29.353231,Manhattan distance,43,682206,495.94077ms,[RIGHT DOWN RIGHT DOWN DOWN LEFT UP UP LEFT DOWN RIGHT RIGHT UP LEFT LEFT LEFT DOWN DOWN RIGHT UP UP UP RIGHT DOWN DOWN DOWN LEFT UP UP UP RIGHT DOWN DOWN LEFT LEFT UP UP RIGHT RIGHT DOWN DOWN RIGHT DOWN]
5,49,2025-04-24T22:44:29.353231,Linear Conflict,43,325806,488.134881ms,[RIGHT DOWN RIGHT DOWN DOWN LEFT UP UP LEFT DOWN RIGHT RIGHT UP LEFT LEFT LEFT DOWN DOWN RIGHT UP UP UP RIGHT DOWN DOWN DOWN LEFT UP UP UP RIGHT DOWN DOWN LEFT LEFT UP UP RIGHT RIGHT DOWN DOWN RIGHT DOWN]
